path,size_bytes,sha256,purpose,original_path
reports/population/exploration_20260929/tables/animal_curves.parquet,2990239,eab438503778f3126e39d53f7c0aca74236c75e364143cdc0661f24a133d485c,runtime,reports/exploration_20260929/tables/animal_curves.parquet
reports/population/exploration_20260929/tables/animal_metrics.csv,1218329,c6f0e651292240cd0bee74ae3f0be225fb25c24e3504aee1bdb38e48e9629730,runtime,reports/exploration_20260929/tables/animal_metrics.csv
reports/population/exploration_20260929/tables/trial_curves.parquet,12765836,e3663bd3c64e60b3d15d4403242daafa962abc7fb0b84b3cf55632a131c59813,runtime,reports/exploration_20260929/tables/trial_curves.parquet
reports/local_states/exploration_bacteroides_adf_ash_chemical_20261003/model/tables/heldout_predictions.csv,65490,b71c0df4fb5835ebc381d2124ac59f2a8f306490f4365a6083d03db7706c2a09,runtime,reports/exploration_bacteroides_adf_ash_chemical_20261003/model/tables/heldout_predictions.csv
reports/local_states/exploration_bacteroides_adf_ash_chemical_20261003/model/tables/pooled_performance.csv,6530,329ac0d2941dcb50e2b95895e36658776bbb209dd0a1dac2b3b7ebcfd0c4704d,runtime,reports/exploration_bacteroides_adf_ash_chemical_20261003/model/tables/pooled_performance.csv
reports/local_states/exploration_bacteroides_adf_ash_chemical_20261003/model/tables/selected_full_state_members.csv,4232,acd93e06becce488d70b5e097574d4373ea0cbd0a7d6143976f017c8020de741,runtime,reports/exploration_bacteroides_adf_ash_chemical_20261003/model/tables/selected_full_state_members.csv
reports/chemical_neural/exploration_chemical_pattern_direct_report_20261003/tables/fresh_chemical_log2.csv,320626,5bc2c7a227d8ae5ddb97519cfc6785f3ba09d3700695f7a3c8cadd03ac58f9dd,runtime,reports/exploration_chemical_pattern_direct_report_20261003/tables/fresh_chemical_log2.csv
reports/chemical_neural/exploration_chemical_pattern_direct_report_20261003/tables/fresh_feature_metadata.csv,36609,5470d487214979fb47d03760ca08019ac4d3f8dcb20a15a575b2a6f1844369f1,runtime,reports/exploration_chemical_pattern_direct_report_20261003/tables/fresh_feature_metadata.csv
reports/chemical_neural/exploration_chemical_pattern_direct_report_20261003/tables/neural_unit_coefficients.csv,21016,64a82f129bc03dcb92207cd8e223ac9b0876bf159dddf57341ad5640a27df69d,runtime,reports/exploration_chemical_pattern_direct_report_20261003/tables/neural_unit_coefficients.csv
reports/chemical_neural/exploration_chemical_pattern_direct_report_20261003/tables/sample_context.csv,6022,da45dc8a398cd622714044cde1a7606ad7c7abde6f1cf687c442a48969f559f1,runtime,reports/exploration_chemical_pattern_direct_report_20261003/tables/sample_context.csv
reports/genus/exploration_genus_patterns_independent_20261003/chemical/figures/01_chemical_module_centers.png,174920,aebd2fd5c13f4da7224cac40dad49960e32f5a48e0b8740255bc0133628ed0cf,runtime,reports/exploration_genus_patterns_independent_20261003/chemical/figures/01_chemical_module_centers.png
reports/genus/exploration_genus_patterns_independent_20261003/neural/figures/01_neural_genus_centered_profiles.png,115086,559cc2c3e291951ae6b8e0e64137bc6e7fa4192dcd444d51762297bd215d116c,runtime,reports/exploration_genus_patterns_independent_20261003/neural/figures/01_neural_genus_centered_profiles.png
reports/genus/exploration_genus_within_between_20261003/tables/chemical_distance_matrix.csv,210309,fbc9131f217f7a3b860eb5a52f623159cfc260ae531a39ac957771382cec2ce3,runtime,reports/exploration_genus_within_between_20261003/tables/chemical_distance_matrix.csv
reports/genus/exploration_genus_within_between_20261003/tables/genus_summary.csv,2556,920d7d7f7f7acb125c1737b7781fb2902caeec5747f0d59a63fdea6992378c5f,runtime,reports/exploration_genus_within_between_20261003/tables/genus_summary.csv
reports/genus/exploration_genus_within_between_20261003/tables/neural_distance_matrix.csv,215531,40755034b670cbfc98727e510832e00518392e42bde022360648d789a592f181,runtime,reports/exploration_genus_within_between_20261003/tables/neural_distance_matrix.csv
reports/representation/exploration_response_profiles_individual_snr_20261002/figures/03_neural_chemical_rdm.png,323236,2db8d1fbb87730accfec57958b3598a1e14ea2311cc241e99ee4f1afb57e740a,visual_reference,reports/exploration_response_profiles_individual_snr_20261002/figures/03_neural_chemical_rdm.png
reports/representation/exploration_response_profiles_individual_snr_20261002/figures/03c_neural_chemical_hmds_3d.png,569654,672bee5fda45f98381607ce71d9ca57ad0d9472a3ddbd1861e15049d7f33c99c,runtime,reports/exploration_response_profiles_individual_snr_20261002/figures/03c_neural_chemical_hmds_3d.png
reports/representation/exploration_response_profiles_individual_snr_20261002/representation_parameters.json,5879,38cf025ef8c2508a38ecf292676caf8b6b21ab61edfa354fb6df823cfca3580f,runtime,reports/exploration_response_profiles_individual_snr_20261002/representation_parameters.json
reports/representation/exploration_response_profiles_individual_snr_20261002/tables/condition_metrics.csv,362378,a20e35cf195a9d6941edda60c350b7f239f7107cd47f1937f65e1fe4328b9ec6,runtime,reports/exploration_response_profiles_individual_snr_20261002/tables/condition_metrics.csv
reports/representation/exploration_response_profiles_individual_snr_20261002/tables/display_profile_5bin.csv,104912,c8cf4b811274957c440414aeda7d3ea0402d0d92e3004e205b0d314789655011,runtime,reports/exploration_response_profiles_individual_snr_20261002/tables/display_profile_5bin.csv
reports/representation/exploration_response_profiles_individual_snr_20261002/tables/figure_row_order.csv,860,e59d21fd6ac76b05b11048430347f0daa6870aaf099888428e8f187bc5f2edf9,runtime,reports/exploration_response_profiles_individual_snr_20261002/tables/figure_row_order.csv
reports/representation/exploration_response_profiles_individual_snr_20261002/tables/filter_state_by_strain_cell.csv,38994,c45200812ab103b58529333a34849a059ea920733536a8b1fa5a8ef57c8372b2,runtime,reports/exploration_response_profiles_individual_snr_20261002/tables/filter_state_by_strain_cell.csv
reports/representation/exploration_response_profiles_individual_snr_20261002/tables/loao_cell_summary.csv,1495,a74bfd6fcffdf2ab83d07bf2a25bc91e06ea62afd51992037036b6b69604381b,runtime,reports/exploration_response_profiles_individual_snr_20261002/tables/loao_cell_summary.csv
reports/representation/exploration_response_profiles_individual_snr_20261002/tables/loao_errors.csv,769100,8a6083df9a67129e116a461234d8294d64911769715f8411758ee12c827fbbac,runtime,reports/exploration_response_profiles_individual_snr_20261002/tables/loao_errors.csv
reports/representation/exploration_response_profiles_individual_snr_20261002/tables/rdm_chemical.csv,204818,6d671c9c80338ce89c9915d5f8e2f9be20f79b10786f0a612d03fde7b0534179,runtime,reports/exploration_response_profiles_individual_snr_20261002/tables/rdm_chemical.csv
reports/representation/exploration_response_profiles_individual_snr_20261002/tables/rdm_comparison_summary.csv,2848,3e44522731cc26c84158dc9568c86521773c0eb85d5f6fa1420ee8105cffa26d,runtime,reports/exploration_response_profiles_individual_snr_20261002/tables/rdm_comparison_summary.csv
reports/representation/exploration_response_profiles_individual_snr_20261002/tables/rdm_filtered.csv,215932,7f0e328dea391453dcfe967f415ae804b2cd96d330d130147b02897381a30747,runtime,reports/exploration_response_profiles_individual_snr_20261002/tables/rdm_filtered.csv
reports/representation/exploration_response_profiles_individual_snr_20261002/tables/rdm_raw.csv,215316,f369686842adf8cb21b61b49557c41bbdd9d3dd84f90afbcf77af2f45bcd9d78,runtime,reports/exploration_response_profiles_individual_snr_20261002/tables/rdm_raw.csv
reports/representation/exploration_response_profiles_individual_snr_20261002/tables/rdm_raw_shared_cells.csv,34778,0891f766d88c7f887c452476e0e26f9e8fe6c4eb0a760a4813b5582aa1d5f84e,runtime,reports/exploration_response_profiles_individual_snr_20261002/tables/rdm_raw_shared_cells.csv
reports/representation/exploration_response_profiles_individual_snr_20261002/tables/representation_arrays.npz,675997,295de083065c5d445d576d0506aee6aee3d34bea005a8cfa232dac997dc96690,runtime,reports/exploration_response_profiles_individual_snr_20261002/tables/representation_arrays.npz
reports/representation/exploration_response_profiles_individual_snr_20261002/tables/sensitivity_condition_metrics.csv,1847223,3e372878cb894e5c0374aa46086c0e22a813bad382ea8da08720bfcb90919258,runtime,reports/exploration_response_profiles_individual_snr_20261002/tables/sensitivity_condition_metrics.csv
reports/representation/exploration_response_profiles_individual_snr_20261002/tables/sensitivity_metrics.csv,2052,408ff5e416cd3bfb43ee913e0d23f69f3fc4ac63bc306579200c52e1cbf83737,runtime,reports/exploration_response_profiles_individual_snr_20261002/tables/sensitivity_metrics.csv
reports/representation/exploration_response_profiles_individual_snr_20261002/tables/sensitivity_templates.csv,22985,c997bd78ded3d7f198cfdff6d93ec93d4041f4a4d8ae26812244fddc54b0f3d3,runtime,reports/exploration_response_profiles_individual_snr_20261002/tables/sensitivity_templates.csv
reports/representation/exploration_response_profiles_individual_snr_20261002/tables/split_control_pairs.csv,410623,b876c93ca8fd49e6258ae43cb4fbc1ac9878458c17700898e55b4af5fd2dee63,runtime,reports/exploration_response_profiles_individual_snr_20261002/tables/split_control_pairs.csv
reports/representation/exploration_response_profiles_individual_snr_20261002/tables/split_filtered_cosine.csv,212526,aeb610f31d34b9ba855f21e730508c154f2de907be3489c9c8d9caa960ca866d,runtime,reports/exploration_response_profiles_individual_snr_20261002/tables/split_filtered_cosine.csv
reports/representation/exploration_response_profiles_individual_snr_20261002/tables/split_filtered_valid_splits.csv,44801,2a4f290e3ef88a5eff3bdc418ca9b14adbbb75568f1985bcd57ac8b4ffbde3ab,runtime,reports/exploration_response_profiles_individual_snr_20261002/tables/split_filtered_valid_splits.csv
reports/representation/exploration_response_profiles_individual_snr_20261002/tables/strain_audit.csv,154590,62fe431055816a6cc1e737e59d5f7356cd12f5af7a9a0ee2026c51509de4c38b,runtime,reports/exploration_response_profiles_individual_snr_20261002/tables/strain_audit.csv
reports/representation/exploration_response_profiles_individual_snr_20261002/tables/strain_coefficients.csv,21217,ecc79164d40ca7f20d8023b10ce0432f8ae3b402ea9bf7d445404bb861dec4ec,runtime,reports/exploration_response_profiles_individual_snr_20261002/tables/strain_coefficients.csv
reports/representation/exploration_response_profiles_individual_snr_20261002/tables/templates.csv,4099,67dbc582306e87b90ed621708768f2920b8cc55c73c93c0b81c7102e7fc30ec7,runtime,reports/exploration_response_profiles_individual_snr_20261002/tables/templates.csv
reports/population/population_first_20260930/tables/aligned_chemical_log2fc_paired.csv,778101,efade8ddc926bc50fcc7ea4877d220a2481014566b478f54a775fd0047999fe7,runtime,reports/population_first_20260930/tables/aligned_chemical_log2fc_paired.csv
reports/local_states/poster_local_chemical_neural_20261003/figure_data/group_neural_means.csv,6866,ca2f40b647f1f6a430e4c444159515d2a1f009ef0bcf9ba8356e3c58df14f6dc,runtime,reports/poster_local_chemical_neural_20261003/figure_data/group_neural_means.csv
reports/local_states/poster_local_chemical_neural_20261003/figure_data/neural_slopes.csv,3957,d1f5ea90a4e5bcfdb50c7656f3ba20c427712fc94e75408f673e6e313981cad1,runtime,reports/poster_local_chemical_neural_20261003/figure_data/neural_slopes.csv
reports/local_states/poster_local_chemical_neural_20261003/figure_data/selected_chemical_z.csv,40142,21d9d4082d626433f817a8c1a547f45046bc9cc012cc25755ae76618a5e34dc4,runtime,reports/poster_local_chemical_neural_20261003/figure_data/selected_chemical_z.csv
reports/local_states/poster_local_chemical_neural_20261003/figure_data/selected_members.csv,10403,1e478208d798b79d421319708b766412f29e45babfd2a200265fd9239d943345,runtime,reports/poster_local_chemical_neural_20261003/figure_data/selected_members.csv
reports/local_states/poster_local_chemical_neural_20261003/figure_data/strain_scores.csv,36141,d2089ea75bd22cbd7942514b01bf7792cfb3927cd8a1f28dca85240e233a35e5,runtime,reports/poster_local_chemical_neural_20261003/figure_data/strain_scores.csv
reports/local_states/poster_local_chemical_neural_20261003/tables/fold_selections.csv,40236,08970aa964373c85f89b9ec1c62281dcd1d708266bcd45b57b71575dd71b83a5,runtime,reports/poster_local_chemical_neural_20261003/tables/fold_selections.csv
reports/local_states/poster_local_chemical_neural_20261003/tables/heldout_performance.csv,10890,0038081e0412a8b37df7542983c295dc5862d21993e75ee1b10d1d486b5437a8,runtime,reports/poster_local_chemical_neural_20261003/tables/heldout_performance.csv
reports/local_states/poster_local_chemical_neural_20261003/tables/heldout_predictions.csv,227945,5dbcd4b9d6aa39aa1c9c0d18e5ee14262e31db2f6d5eb09fd578e64907676ce7,runtime,reports/poster_local_chemical_neural_20261003/tables/heldout_predictions.csv
reports/local_states/poster_local_chemical_neural_20261003/tables/selected_members.csv,7068,531b0481d45d4506f6225394b6f9ac85b248150c549307bbe032da3bfef582cb,runtime,reports/poster_local_chemical_neural_20261003/tables/selected_members.csv
reports/representation/response_structure_20260930/data/observations.parquet,565579,76e68fd0c0ccccff8c76e1a11d0bd477664681a82c88f481edac7a13fca05672,runtime,reports/response_structure_20260930/data/observations.parquet
reports/examples/sample_comparison_draft_20261001/sample_comparison_draft.png,460966,83b62a82243192d9dde1ad1b7535e0d276c6fc9b0cd6c8e662af0ddbeb276ec4,runtime,reports/sample_comparison_draft_20261001/sample_comparison_draft.png
