retained_source,original_source,figure_group,current_modules_under_poster_analysis,relationship,maintenance
notebooks/01_measurement_first_inspection.ipynb,notebook/01_measurement_first_inspection.ipynb,historical,,"Earlier exploration; retained at source, not executed by poster notebooks",Maintained analysis source; poster-specific changes belong in poster/
notebooks/02_reproducibility_inspection.ipynb,notebook/02_reproducibility_inspection.ipynb,historical,,"Earlier exploration; retained at source, not executed by poster notebooks",Maintained analysis source; poster-specific changes belong in poster/
notebooks/03_chemical_neuron_bacteria.ipynb,notebook/03_chemical_neuron_bacteria.ipynb,historical,,"Earlier exploration; retained at source, not executed by poster notebooks",Maintained analysis source; poster-specific changes belong in poster/
src/bacteria_analysis/__init__.py,notebook/__init__.py,historical,,"Earlier exploration; retained at source, not executed by poster notebooks",Maintained analysis source; poster-specific changes belong in poster/
src/bacteria_analysis/awcon_chemical.py,notebook/awcon_chemical.py,historical,,"Earlier exploration; retained at source, not executed by poster notebooks",Maintained analysis source; poster-specific changes belong in poster/
src/bacteria_analysis/awcon_response_types.py,notebook/awcon_response_types.py,historical,,"Earlier exploration; retained at source, not executed by poster notebooks",Maintained analysis source; poster-specific changes belong in poster/
src/bacteria_analysis/chemical_blocks.py,notebook/chemical_blocks.py,historical,,"Earlier exploration; retained at source, not executed by poster notebooks",Maintained analysis source; poster-specific changes belong in poster/
src/bacteria_analysis/chemical_colors.py,notebook/chemical_colors.py,historical,,"Earlier exploration; retained at source, not executed by poster notebooks",Maintained analysis source; poster-specific changes belong in poster/
src/bacteria_analysis/chemical_hmds.py,notebook/chemical_hmds.py,historical,,"Earlier exploration; retained at source, not executed by poster notebooks",Maintained analysis source; poster-specific changes belong in poster/
src/bacteria_analysis/chemical_hmds_polar.py,notebook/chemical_hmds_polar.py,historical,,"Earlier exploration; retained at source, not executed by poster notebooks",Maintained analysis source; poster-specific changes belong in poster/
src/bacteria_analysis/chemical_type_prediction.py,notebook/chemical_type_prediction.py,historical,,"Earlier exploration; retained at source, not executed by poster notebooks",Maintained analysis source; poster-specific changes belong in poster/
src/bacteria_analysis/hmds_refinement.py,notebook/hmds_refinement.py,historical,,"Earlier exploration; retained at source, not executed by poster notebooks",Maintained analysis source; poster-specific changes belong in poster/
src/bacteria_analysis/neighborhood_amplitudes.py,notebook/neighborhood_amplitudes.py,historical,,"Earlier exploration; retained at source, not executed by poster notebooks",Maintained analysis source; poster-specific changes belong in poster/
src/bacteria_analysis/neighborhood_amplitudes_display.py,notebook/neighborhood_amplitudes_display.py,historical,,"Earlier exploration; retained at source, not executed by poster notebooks",Maintained analysis source; poster-specific changes belong in poster/
src/bacteria_analysis/neural_chemical_mixed.py,notebook/neural_chemical_mixed.py,historical,,"Earlier exploration; retained at source, not executed by poster notebooks",Maintained analysis source; poster-specific changes belong in poster/
src/bacteria_analysis/neural_hmds.py,notebook/neural_hmds.py,historical,,"Earlier exploration; retained at source, not executed by poster notebooks",Maintained analysis source; poster-specific changes belong in poster/
src/bacteria_analysis/phylogenetic_colors.py,notebook/phylogenetic_colors.py,historical,,"Earlier exploration; retained at source, not executed by poster notebooks",Maintained analysis source; poster-specific changes belong in poster/
src/bacteria_analysis/plot_chemical_colors.py,notebook/plot_chemical_colors.py,historical,,"Earlier exploration; retained at source, not executed by poster notebooks",Maintained analysis source; poster-specific changes belong in poster/
src/bacteria_analysis/plot_phylogenetic_colors.py,notebook/plot_phylogenetic_colors.py,historical,,"Earlier exploration; retained at source, not executed by poster notebooks",Maintained analysis source; poster-specific changes belong in poster/
src/bacteria_analysis/response_structure.py,notebook/response_structure.py,01,atlas.py,Original fitting/display pipeline retained; saved arrays used by poster,Maintained analysis source; poster-specific changes belong in poster/
src/bacteria_analysis/response_structure_data.py,notebook/response_structure_data.py,01,atlas.py,Original fitting/display pipeline retained; saved arrays used by poster,Maintained analysis source; poster-specific changes belong in poster/
src/bacteria_analysis/response_structure_display.py,notebook/response_structure_display.py,01,atlas.py,Original fitting/display pipeline retained; saved arrays used by poster,Maintained analysis source; poster-specific changes belong in poster/
src/bacteria_analysis/response_structure_display_combinations.py,notebook/response_structure_display_combinations.py,01,atlas.py,Original fitting/display pipeline retained; saved arrays used by poster,Maintained analysis source; poster-specific changes belong in poster/
src/bacteria_analysis/response_structure_display_comparison.py,notebook/response_structure_display_comparison.py,01,atlas.py,Original fitting/display pipeline retained; saved arrays used by poster,Maintained analysis source; poster-specific changes belong in poster/
src/bacteria_analysis/response_structure_figures.py,notebook/response_structure_figures.py,01,atlas.py,Original fitting/display pipeline retained; saved arrays used by poster,Maintained analysis source; poster-specific changes belong in poster/
src/bacteria_analysis/response_structure_poster.py,notebook/response_structure_poster.py,01,atlas.py,Original fitting/display pipeline retained; saved arrays used by poster,Maintained analysis source; poster-specific changes belong in poster/
src/bacteria_analysis/response_structure_process.py,notebook/response_structure_process.py,01,atlas.py,Original fitting/display pipeline retained; saved arrays used by poster,Maintained analysis source; poster-specific changes belong in poster/
src/bacteria_analysis/sample_comparison_poster.py,notebook/sample_comparison_poster.py,03,,Historical seven-neuron pair illustration only,Maintained analysis source; poster-specific changes belong in poster/
analysis/explorations/chemical_neural/chemical_neighborhood_focus_20260930/code/01_plot_complement.py,reports/chemical_neighborhood_focus_20260930/code/01_plot_complement.py,historical,,"Earlier exploration; retained at source, not executed by poster notebooks",Historical snapshot; port required before execution
analysis/explorations/chemical_neural/chemical_neighborhood_focus_20260930/code/02_verify.py,reports/chemical_neighborhood_focus_20260930/code/02_verify.py,historical,,"Earlier exploration; retained at source, not executed by poster notebooks",Historical snapshot; port required before execution
analysis/explorations/chemical_neural/chemical_neighborhood_focus_20260930/code/chemical_neighbor_audit.py,reports/chemical_neighborhood_focus_20260930/code/chemical_neighbor_audit.py,historical,,"Earlier exploration; retained at source, not executed by poster notebooks",Historical snapshot; port required before execution
analysis/explorations/chemical_neural/chemical_neighborhood_focus_20260930/code/response_evidence_audit.py,reports/chemical_neighborhood_focus_20260930/code/response_evidence_audit.py,historical,,"Earlier exploration; retained at source, not executed by poster notebooks",Historical snapshot; port required before execution
analysis/explorations/chemical_neural/exploration_chemical_pattern_direct_report_20261003/code/compare_nonlinear_neural_inputs.py,reports/exploration_chemical_pattern_direct_report_20261003/code/compare_nonlinear_neural_inputs.py,03;04,global_comparison.py;local_states.py,Current fresh162 input; full prediction experiments retained at source,Historical snapshot; port required before execution
analysis/explorations/chemical_neural/exploration_chemical_pattern_direct_report_20261003/code/compare_reduced_neural_inputs.py,reports/exploration_chemical_pattern_direct_report_20261003/code/compare_reduced_neural_inputs.py,03;04,global_comparison.py;local_states.py,Current fresh162 input; full prediction experiments retained at source,Historical snapshot; port required before execution
analysis/explorations/chemical_neural/exploration_chemical_pattern_direct_report_20261003/code/decode_chemical_pattern.py,reports/exploration_chemical_pattern_direct_report_20261003/code/decode_chemical_pattern.py,03;04,global_comparison.py;local_states.py,Current fresh162 input; full prediction experiments retained at source,Historical snapshot; port required before execution
analysis/explorations/chemical_neural/exploration_chemical_pattern_direct_report_20261003/code/direct_report_recurrence.py,reports/exploration_chemical_pattern_direct_report_20261003/code/direct_report_recurrence.py,03;04,global_comparison.py;local_states.py,Current fresh162 input; full prediction experiments retained at source,Historical snapshot; port required before execution
analysis/explorations/chemical_neural/exploration_chemical_pattern_direct_report_20261003/code/notebook_cells.py,reports/exploration_chemical_pattern_direct_report_20261003/code/notebook_cells.py,03;04,global_comparison.py;local_states.py,Current fresh162 input; full prediction experiments retained at source,Historical snapshot; port required before execution
analysis/explorations/chemical_neural/exploration_chemical_pattern_direct_report_20261003/code/plot_direct_report.py,reports/exploration_chemical_pattern_direct_report_20261003/code/plot_direct_report.py,03;04,global_comparison.py;local_states.py,Current fresh162 input; full prediction experiments retained at source,Historical snapshot; port required before execution
analysis/explorations/chemical_neural/exploration_chemical_pattern_direct_report_20261003/code/plot_grouped_story.py,reports/exploration_chemical_pattern_direct_report_20261003/code/plot_grouped_story.py,03;04,global_comparison.py;local_states.py,Current fresh162 input; full prediction experiments retained at source,Historical snapshot; port required before execution
analysis/explorations/chemical_neural/exploration_chemical_pattern_direct_report_20261003/code/plot_holdout_explainer.py,reports/exploration_chemical_pattern_direct_report_20261003/code/plot_holdout_explainer.py,03;04,global_comparison.py;local_states.py,Current fresh162 input; full prediction experiments retained at source,Historical snapshot; port required before execution
analysis/explorations/chemical_neural/exploration_chemical_pattern_direct_report_20261003/code/plot_neural_pattern_summary.py,reports/exploration_chemical_pattern_direct_report_20261003/code/plot_neural_pattern_summary.py,03;04,global_comparison.py;local_states.py,Current fresh162 input; full prediction experiments retained at source,Historical snapshot; port required before execution
analysis/explorations/chemical_neural/exploration_chemical_pattern_direct_report_20261003/code/plot_nonlinear_input_comparison.py,reports/exploration_chemical_pattern_direct_report_20261003/code/plot_nonlinear_input_comparison.py,03;04,global_comparison.py;local_states.py,Current fresh162 input; full prediction experiments retained at source,Historical snapshot; port required before execution
analysis/explorations/chemical_neural/exploration_chemical_pattern_direct_report_20261003/code/plot_reduced_input_comparison.py,reports/exploration_chemical_pattern_direct_report_20261003/code/plot_reduced_input_comparison.py,03;04,global_comparison.py;local_states.py,Current fresh162 input; full prediction experiments retained at source,Historical snapshot; port required before execution
analysis/explorations/chemical_neural/exploration_chemical_pattern_direct_report_20261003/code/plot_simple_story.py,reports/exploration_chemical_pattern_direct_report_20261003/code/plot_simple_story.py,03;04,global_comparison.py;local_states.py,Current fresh162 input; full prediction experiments retained at source,Historical snapshot; port required before execution
analysis/explorations/chemical_neural/exploration_chemical_pattern_recurrence_20261003/code/chemical_recurrence.py,reports/exploration_chemical_pattern_recurrence_20261003/code/chemical_recurrence.py,historical,,"Earlier exploration; retained at source, not executed by poster notebooks",Historical snapshot; port required before execution
analysis/explorations/chemical_neural/exploration_chemical_pattern_recurrence_20261003/code/notebook_cells.py,reports/exploration_chemical_pattern_recurrence_20261003/code/notebook_cells.py,historical,,"Earlier exploration; retained at source, not executed by poster notebooks",Historical snapshot; port required before execution
analysis/explorations/chemical_neural/exploration_chemical_pattern_recurrence_20261003/code/plot_recurrence.py,reports/exploration_chemical_pattern_recurrence_20261003/code/plot_recurrence.py,historical,,"Earlier exploration; retained at source, not executed by poster notebooks",Historical snapshot; port required before execution
analysis/explorations/chemical_neural/exploration_matched_pair_context_20261003/code/explore_matched_context.py,reports/exploration_matched_pair_context_20261003/code/explore_matched_context.py,historical,,"Earlier exploration; retained at source, not executed by poster notebooks",Historical snapshot; port required before execution
analysis/explorations/chemical_neural/exploration_matched_pair_context_20261003/code/plot_matched_context.py,reports/exploration_matched_pair_context_20261003/code/plot_matched_context.py,historical,,"Earlier exploration; retained at source, not executed by poster notebooks",Historical snapshot; port required before execution
analysis/explorations/chemical_neural/exploration_neural_compound_relations_20261002/code/check_secondary.py,reports/exploration_neural_compound_relations_20261002/code/check_secondary.py,historical,,"Earlier exploration; retained at source, not executed by poster notebooks",Historical snapshot; port required before execution
analysis/explorations/chemical_neural/exploration_neural_compound_relations_20261002/code/explore_relations.py,reports/exploration_neural_compound_relations_20261002/code/explore_relations.py,historical,,"Earlier exploration; retained at source, not executed by poster notebooks",Historical snapshot; port required before execution
analysis/explorations/chemical_neural/exploration_neural_compound_relations_20261002/code/plot_relation_candidates.py,reports/exploration_neural_compound_relations_20261002/code/plot_relation_candidates.py,historical,,"Earlier exploration; retained at source, not executed by poster notebooks",Historical snapshot; port required before execution
analysis/explorations/chemical_neural/exploration_pair_quadrants_20261002/code/build_pair_pdf.py,reports/exploration_pair_quadrants_20261002/code/build_pair_pdf.py,historical,,"Earlier exploration; retained at source, not executed by poster notebooks",Historical snapshot; port required before execution
analysis/explorations/chemical_neural/exploration_pair_quadrants_20261002/code/explore_quadrants.py,reports/exploration_pair_quadrants_20261002/code/explore_quadrants.py,historical,,"Earlier exploration; retained at source, not executed by poster notebooks",Historical snapshot; port required before execution
analysis/explorations/chemical_neural/exploration_pair_quadrants_20261002/code/pair_pdf_pages.py,reports/exploration_pair_quadrants_20261002/code/pair_pdf_pages.py,historical,,"Earlier exploration; retained at source, not executed by poster notebooks",Historical snapshot; port required before execution
analysis/explorations/chemical_neural/exploration_pair_quadrants_20261002/code/plot_context.py,reports/exploration_pair_quadrants_20261002/code/plot_context.py,historical,,"Earlier exploration; retained at source, not executed by poster notebooks",Historical snapshot; port required before execution
analysis/explorations/chemical_neural/exploration_pair_quadrants_20261002/code/plot_quadrants.py,reports/exploration_pair_quadrants_20261002/code/plot_quadrants.py,historical,,"Earlier exploration; retained at source, not executed by poster notebooks",Historical snapshot; port required before execution
analysis/explorations/examples/figure5_chemistry_first_20261001/check_a231_a232.py,reports/figure5_chemistry_first_20261001/check_a231_a232.py,historical,,"Earlier exploration; retained at source, not executed by poster notebooks",Historical snapshot; port required before execution
analysis/explorations/examples/figure5_chemistry_first_20261001/review_chemical_shortlist.py,reports/figure5_chemistry_first_20261001/review_chemical_shortlist.py,historical,,"Earlier exploration; retained at source, not executed by poster notebooks",Historical snapshot; port required before execution
analysis/explorations/examples/figure5_example_selection_20261001/check_candidates.py,reports/figure5_example_selection_20261001/check_candidates.py,historical,,"Earlier exploration; retained at source, not executed by poster notebooks",Historical snapshot; port required before execution
analysis/explorations/examples/poster_neighborhoods_20260930/code/01_pair_signal.py,reports/poster_neighborhoods_20260930/code/01_pair_signal.py,historical,,"Earlier exploration; retained at source, not executed by poster notebooks",Historical snapshot; port required before execution
analysis/explorations/examples/poster_neighborhoods_20260930/code/02_pair_context.py,reports/poster_neighborhoods_20260930/code/02_pair_context.py,historical,,"Earlier exploration; retained at source, not executed by poster notebooks",Historical snapshot; port required before execution
analysis/explorations/examples/poster_neighborhoods_20260930/code/03_neuron_patterns.py,reports/poster_neighborhoods_20260930/code/03_neuron_patterns.py,historical,,"Earlier exploration; retained at source, not executed by poster notebooks",Historical snapshot; port required before execution
analysis/explorations/examples/poster_neighborhoods_20260930/code/04_poster_figures.py,reports/poster_neighborhoods_20260930/code/04_poster_figures.py,historical,,"Earlier exploration; retained at source, not executed by poster notebooks",Historical snapshot; port required before execution
analysis/explorations/examples/poster_neighborhoods_20260930/code/05_verify.py,reports/poster_neighborhoods_20260930/code/05_verify.py,historical,,"Earlier exploration; retained at source, not executed by poster notebooks",Historical snapshot; port required before execution
analysis/explorations/examples/sample_comparison_backup_A022_A023_20261001/sample_comparison_poster.py,reports/sample_comparison_backup_A022_A023_20261001/sample_comparison_poster.py,03,,Historical pair illustration and backups,Historical snapshot; port required before execution
analysis/explorations/examples/sample_comparison_backup_A040_A041_20261001/sample_comparison_poster.py,reports/sample_comparison_backup_A040_A041_20261001/sample_comparison_poster.py,03,,Historical pair illustration and backups,Historical snapshot; port required before execution
analysis/explorations/examples/sample_interpretation_20261001/code/chemical_context.py,reports/sample_interpretation_20261001/code/chemical_context.py,historical,,"Earlier exploration; retained at source, not executed by poster notebooks",Historical snapshot; port required before execution
analysis/explorations/examples/sample_interpretation_20261001/code/neural_analysis.py,reports/sample_interpretation_20261001/code/neural_analysis.py,historical,,"Earlier exploration; retained at source, not executed by poster notebooks",Historical snapshot; port required before execution
analysis/explorations/examples/sample_interpretation_20261001/code/poster_figures.py,reports/sample_interpretation_20261001/code/poster_figures.py,historical,,"Earlier exploration; retained at source, not executed by poster notebooks",Historical snapshot; port required before execution
analysis/explorations/examples/sample_interpretation_20261001/code/verify.py,reports/sample_interpretation_20261001/code/verify.py,historical,,"Earlier exploration; retained at source, not executed by poster notebooks",Historical snapshot; port required before execution
analysis/explorations/genus/exploration_genus_patterns_independent_20261003/chemical/code/analyze_chemical_patterns.py,reports/exploration_genus_patterns_independent_20261003/chemical/code/analyze_chemical_patterns.py,03,,Independent chemical and neural genus patterns displayed as background,Historical snapshot; port required before execution
analysis/explorations/genus/exploration_genus_patterns_independent_20261003/chemical/code/verify_chemical_patterns.py,reports/exploration_genus_patterns_independent_20261003/chemical/code/verify_chemical_patterns.py,03,,Independent chemical and neural genus patterns displayed as background,Historical snapshot; port required before execution
analysis/explorations/genus/exploration_genus_patterns_independent_20261003/chemical/code/write_chemical_summary.py,reports/exploration_genus_patterns_independent_20261003/chemical/code/write_chemical_summary.py,03,,Independent chemical and neural genus patterns displayed as background,Historical snapshot; port required before execution
analysis/explorations/genus/exploration_genus_patterns_independent_20261003/code/notebook_cells.py,reports/exploration_genus_patterns_independent_20261003/code/notebook_cells.py,03,,Independent chemical and neural genus patterns displayed as background,Historical snapshot; port required before execution
analysis/explorations/genus/exploration_genus_patterns_independent_20261003/code/verify_integration.py,reports/exploration_genus_patterns_independent_20261003/code/verify_integration.py,03,,Independent chemical and neural genus patterns displayed as background,Historical snapshot; port required before execution
analysis/explorations/genus/exploration_genus_patterns_independent_20261003/neural/code/analyze_neural.py,reports/exploration_genus_patterns_independent_20261003/neural/code/analyze_neural.py,03,,Independent chemical and neural genus patterns displayed as background,Historical snapshot; port required before execution
analysis/explorations/genus/exploration_genus_patterns_independent_20261003/neural/code/verify_neural.py,reports/exploration_genus_patterns_independent_20261003/neural/code/verify_neural.py,03,,Independent chemical and neural genus patterns displayed as background,Historical snapshot; port required before execution
analysis/explorations/genus/exploration_genus_within_between_20261003/code/compare_genus_distances.py,reports/exploration_genus_within_between_20261003/code/compare_genus_distances.py,03,global_comparison.py,Fresh162 distance background and balanced genus summaries,Historical snapshot; port required before execution
analysis/explorations/genus/exploration_genus_within_between_20261003/code/notebook_cells.py,reports/exploration_genus_within_between_20261003/code/notebook_cells.py,03,global_comparison.py,Fresh162 distance background and balanced genus summaries,Historical snapshot; port required before execution
analysis/explorations/genus/exploration_genus_within_between_20261003/code/plot_genus_comparison.py,reports/exploration_genus_within_between_20261003/code/plot_genus_comparison.py,03,global_comparison.py,Fresh162 distance background and balanced genus summaries,Historical snapshot; port required before execution
analysis/explorations/genus/exploration_genus_within_between_20261003/code/verify_genus_distances.py,reports/exploration_genus_within_between_20261003/code/verify_genus_distances.py,03,global_comparison.py,Fresh162 distance background and balanced genus summaries,Historical snapshot; port required before execution
analysis/explorations/local_states/exploration_bacteroides_adf_ash_chemical_20261003/code/notebook_cells.py,reports/exploration_bacteroides_adf_ash_chemical_20261003/code/notebook_cells.py,04,local_states.py,Previous fixed-contrast selection and validation,Historical snapshot; port required before execution
analysis/explorations/local_states/exploration_bacteroides_adf_ash_chemical_20261003/diagnostics/code/fixed_axis_diagnostics.py,reports/exploration_bacteroides_adf_ash_chemical_20261003/diagnostics/code/fixed_axis_diagnostics.py,04,local_states.py,Previous fixed-contrast selection and validation,Historical snapshot; port required before execution
analysis/explorations/local_states/exploration_bacteroides_adf_ash_chemical_20261003/diagnostics/code/plot_fixed_axis.py,reports/exploration_bacteroides_adf_ash_chemical_20261003/diagnostics/code/plot_fixed_axis.py,04,local_states.py,Previous fixed-contrast selection and validation,Historical snapshot; port required before execution
analysis/explorations/local_states/exploration_bacteroides_adf_ash_chemical_20261003/diagnostics/code/verify_diagnostics.py,reports/exploration_bacteroides_adf_ash_chemical_20261003/diagnostics/code/verify_diagnostics.py,04,local_states.py,Previous fixed-contrast selection and validation,Historical snapshot; port required before execution
analysis/explorations/local_states/exploration_bacteroides_adf_ash_chemical_20261003/model/code/fit_fixed_contrast.py,reports/exploration_bacteroides_adf_ash_chemical_20261003/model/code/fit_fixed_contrast.py,04,local_states.py,Previous fixed-contrast selection and validation,Historical snapshot; port required before execution
analysis/explorations/local_states/exploration_bacteroides_adf_ash_chemical_20261003/model/code/verify_saved_model.py,reports/exploration_bacteroides_adf_ash_chemical_20261003/model/code/verify_saved_model.py,04,local_states.py,Previous fixed-contrast selection and validation,Historical snapshot; port required before execution
analysis/explorations/local_states/exploration_bacteroides_adf_ash_chemical_20261003/verification/independent_diagnostics_check.py,reports/exploration_bacteroides_adf_ash_chemical_20261003/verification/independent_diagnostics_check.py,04,local_states.py,Previous fixed-contrast selection and validation,Historical snapshot; port required before execution
analysis/explorations/local_states/exploration_bacteroides_adf_ash_chemical_20261003/verification/independent_model_check.py,reports/exploration_bacteroides_adf_ash_chemical_20261003/verification/independent_model_check.py,04,local_states.py,Previous fixed-contrast selection and validation,Historical snapshot; port required before execution
analysis/explorations/local_states/exploration_bacteroides_local_model_20261003/chemical/code/local_chemical_axes.py,reports/exploration_bacteroides_local_model_20261003/chemical/code/local_chemical_axes.py,04,chemical_axes.py,Pure chemical training/transform algorithm extracted,Historical snapshot; port required before execution
analysis/explorations/local_states/exploration_bacteroides_local_model_20261003/chemical/code/run_local_chemical_analysis.py,reports/exploration_bacteroides_local_model_20261003/chemical/code/run_local_chemical_analysis.py,04,chemical_axes.py,Pure chemical training/transform algorithm extracted,Historical snapshot; port required before execution
analysis/explorations/local_states/exploration_bacteroides_local_model_20261003/chemical/code/verify_local_chemical_axes.py,reports/exploration_bacteroides_local_model_20261003/chemical/code/verify_local_chemical_axes.py,04,chemical_axes.py,Pure chemical training/transform algorithm extracted,Historical snapshot; port required before execution
analysis/explorations/local_states/exploration_bacteroides_local_model_20261003/chemical/code/write_local_chemical_summary.py,reports/exploration_bacteroides_local_model_20261003/chemical/code/write_local_chemical_summary.py,04,chemical_axes.py,Pure chemical training/transform algorithm extracted,Historical snapshot; port required before execution
analysis/explorations/local_states/exploration_bacteroides_local_model_20261003/code/local_model.py,reports/exploration_bacteroides_local_model_20261003/code/local_model.py,04,,Historical local PC1 exploration; not the accepted main figure,Historical snapshot; port required before execution
analysis/explorations/local_states/exploration_bacteroides_local_model_20261003/code/notebook_cells.py,reports/exploration_bacteroides_local_model_20261003/code/notebook_cells.py,04,,Historical local PC1 exploration; not the accepted main figure,Historical snapshot; port required before execution
analysis/explorations/local_states/exploration_bacteroides_local_model_20261003/code/plot_local_model.py,reports/exploration_bacteroides_local_model_20261003/code/plot_local_model.py,04,,Historical local PC1 exploration; not the accepted main figure,Historical snapshot; port required before execution
analysis/explorations/local_states/exploration_bacteroides_local_model_20261003/neural/code/local_neural.py,reports/exploration_bacteroides_local_model_20261003/neural/code/local_neural.py,04,,Historical local PC1 exploration; not the accepted main figure,Historical snapshot; port required before execution
analysis/explorations/local_states/exploration_bacteroides_local_model_20261003/neural/code/verify_local_neural.py,reports/exploration_bacteroides_local_model_20261003/neural/code/verify_local_neural.py,04,,Historical local PC1 exploration; not the accepted main figure,Historical snapshot; port required before execution
analysis/explorations/local_states/exploration_bacteroides_neural_reliability_20261003/code/notebook_cells.py,reports/exploration_bacteroides_neural_reliability_20261003/code/notebook_cells.py,04,,Historical neural reliability and subspace checks,Historical snapshot; port required before execution
analysis/explorations/local_states/exploration_bacteroides_neural_reliability_20261003/repeats/code/plot_repeats.py,reports/exploration_bacteroides_neural_reliability_20261003/repeats/code/plot_repeats.py,04,,Historical neural reliability and subspace checks,Historical snapshot; port required before execution
analysis/explorations/local_states/exploration_bacteroides_neural_reliability_20261003/repeats/code/repeat_reliability.py,reports/exploration_bacteroides_neural_reliability_20261003/repeats/code/repeat_reliability.py,04,,Historical neural reliability and subspace checks,Historical snapshot; port required before execution
analysis/explorations/local_states/exploration_bacteroides_neural_reliability_20261003/repeats/code/verify_repeats.py,reports/exploration_bacteroides_neural_reliability_20261003/repeats/code/verify_repeats.py,04,,Historical neural reliability and subspace checks,Historical snapshot; port required before execution
analysis/explorations/local_states/exploration_bacteroides_neural_reliability_20261003/subspace/code/neural_subspace.py,reports/exploration_bacteroides_neural_reliability_20261003/subspace/code/neural_subspace.py,04,,Historical neural reliability and subspace checks,Historical snapshot; port required before execution
analysis/explorations/local_states/exploration_bacteroides_neural_reliability_20261003/subspace/code/plot_subspace.py,reports/exploration_bacteroides_neural_reliability_20261003/subspace/code/plot_subspace.py,04,,Historical neural reliability and subspace checks,Historical snapshot; port required before execution
analysis/explorations/local_states/exploration_bacteroides_neural_reliability_20261003/subspace/code/run_subspace_analysis.py,reports/exploration_bacteroides_neural_reliability_20261003/subspace/code/run_subspace_analysis.py,04,,Historical neural reliability and subspace checks,Historical snapshot; port required before execution
analysis/explorations/local_states/exploration_bacteroides_neural_reliability_20261003/subspace/code/verify_subspace.py,reports/exploration_bacteroides_neural_reliability_20261003/subspace/code/verify_subspace.py,04,,Historical neural reliability and subspace checks,Historical snapshot; port required before execution
analysis/explorations/local_states/poster_local_chemical_neural_20261003/code/analyze_population.py,reports/poster_local_chemical_neural_20261003/code/analyze_population.py,04,local_states.py,Accepted figure_data plus cached validation; tables also include failed Bact extension,Historical snapshot; port required before execution
analysis/explorations/local_states/poster_local_chemical_neural_20261003/code/notebook_cells.py,reports/poster_local_chemical_neural_20261003/code/notebook_cells.py,04,local_states.py,Accepted figure_data plus cached validation; tables also include failed Bact extension,Historical snapshot; port required before execution
analysis/explorations/local_states/poster_local_chemical_neural_20261003/code/plot_poster.py,reports/poster_local_chemical_neural_20261003/code/plot_poster.py,04,local_states.py,Accepted figure_data plus cached validation; tables also include failed Bact extension,Historical snapshot; port required before execution
analysis/explorations/local_states/poster_local_chemical_neural_20261003/code/prepare_display.py,reports/poster_local_chemical_neural_20261003/code/prepare_display.py,04,local_states.py,Accepted figure_data plus cached validation; tables also include failed Bact extension,Historical snapshot; port required before execution
analysis/explorations/local_states/poster_local_chemical_neural_20261003/code/verify_display.py,reports/poster_local_chemical_neural_20261003/code/verify_display.py,04,local_states.py,Accepted figure_data plus cached validation; tables also include failed Bact extension,Historical snapshot; port required before execution
analysis/explorations/population/atlas_extension_20260930/code/00_provenance.py,reports/atlas_extension_20260930/code/00_provenance.py,historical,,"Earlier exploration; retained at source, not executed by poster notebooks",Historical snapshot; port required before execution
analysis/explorations/population/atlas_extension_20260930/code/01_atlas_roles.py,reports/atlas_extension_20260930/code/01_atlas_roles.py,historical,,"Earlier exploration; retained at source, not executed by poster notebooks",Historical snapshot; port required before execution
analysis/explorations/population/atlas_extension_20260930/code/02_response_patterns.py,reports/atlas_extension_20260930/code/02_response_patterns.py,historical,,"Earlier exploration; retained at source, not executed by poster notebooks",Historical snapshot; port required before execution
analysis/explorations/population/atlas_extension_20260930/code/03_chemical_profiles.py,reports/atlas_extension_20260930/code/03_chemical_profiles.py,historical,,"Earlier exploration; retained at source, not executed by poster notebooks",Historical snapshot; port required before execution
analysis/explorations/population/atlas_extension_20260930/code/04_targeted_chemistry.py,reports/atlas_extension_20260930/code/04_targeted_chemistry.py,historical,,"Earlier exploration; retained at source, not executed by poster notebooks",Historical snapshot; port required before execution
analysis/explorations/population/atlas_extension_20260930/code/05_chemical_checks.py,reports/atlas_extension_20260930/code/05_chemical_checks.py,historical,,"Earlier exploration; retained at source, not executed by poster notebooks",Historical snapshot; port required before execution
analysis/explorations/population/atlas_extension_20260930/code/06_within_genus_chemistry.py,reports/atlas_extension_20260930/code/06_within_genus_chemistry.py,historical,,"Earlier exploration; retained at source, not executed by poster notebooks",Historical snapshot; port required before execution
analysis/explorations/population/atlas_extension_20260930/code/07_population_bridge.py,reports/atlas_extension_20260930/code/07_population_bridge.py,historical,,"Earlier exploration; retained at source, not executed by poster notebooks",Historical snapshot; port required before execution
analysis/explorations/population/atlas_extension_20260930/code/08_verify.py,reports/atlas_extension_20260930/code/08_verify.py,historical,,"Earlier exploration; retained at source, not executed by poster notebooks",Historical snapshot; port required before execution
analysis/explorations/population/atlas_extension_20260930/run_analysis.py,reports/atlas_extension_20260930/run_analysis.py,historical,,"Earlier exploration; retained at source, not executed by poster notebooks",Historical snapshot; port required before execution
analysis/explorations/population/exploration_20260929/code/01_prepare.py,reports/exploration_20260929/code/01_prepare.py,historical,,"Earlier exploration; retained at source, not executed by poster notebooks",Historical snapshot; port required before execution
analysis/explorations/population/exploration_20260929/code/02_neural_overview.py,reports/exploration_20260929/code/02_neural_overview.py,historical,,"Earlier exploration; retained at source, not executed by poster notebooks",Historical snapshot; port required before execution
analysis/explorations/population/exploration_20260929/code/03_chemical_prepare.py,reports/exploration_20260929/code/03_chemical_prepare.py,historical,,"Earlier exploration; retained at source, not executed by poster notebooks",Historical snapshot; port required before execution
analysis/explorations/population/exploration_20260929/code/04_phenotype_checks.py,reports/exploration_20260929/code/04_phenotype_checks.py,historical,,"Earlier exploration; retained at source, not executed by poster notebooks",Historical snapshot; port required before execution
analysis/explorations/population/exploration_20260929/code/05_chemical_tests.py,reports/exploration_20260929/code/05_chemical_tests.py,historical,,"Earlier exploration; retained at source, not executed by poster notebooks",Historical snapshot; port required before execution
analysis/explorations/population/exploration_20260929/code/06_asparagine_check.py,reports/exploration_20260929/code/06_asparagine_check.py,historical,,"Earlier exploration; retained at source, not executed by poster notebooks",Historical snapshot; port required before execution
analysis/explorations/population/exploration_20260929/code/07_verify.py,reports/exploration_20260929/code/07_verify.py,historical,,"Earlier exploration; retained at source, not executed by poster notebooks",Historical snapshot; port required before execution
analysis/explorations/population/exploration_20260929/code/run_analysis.py,reports/exploration_20260929/code/run_analysis.py,historical,,"Earlier exploration; retained at source, not executed by poster notebooks",Historical snapshot; port required before execution
analysis/explorations/population/population_exploration_20260930/code/01_prepare.py,reports/population_exploration_20260930/code/01_prepare.py,historical,,"Earlier exploration; retained at source, not executed by poster notebooks",Historical snapshot; port required before execution
analysis/explorations/population/population_exploration_20260930/code/02_population_patterns.py,reports/population_exploration_20260930/code/02_population_patterns.py,historical,,"Earlier exploration; retained at source, not executed by poster notebooks",Historical snapshot; port required before execution
analysis/explorations/population/population_exploration_20260930/code/03_temporal_patterns.py,reports/population_exploration_20260930/code/03_temporal_patterns.py,historical,,"Earlier exploration; retained at source, not executed by poster notebooks",Historical snapshot; port required before execution
analysis/explorations/population/population_exploration_20260930/code/04_chemical_groups.py,reports/population_exploration_20260930/code/04_chemical_groups.py,historical,,"Earlier exploration; retained at source, not executed by poster notebooks",Historical snapshot; port required before execution
analysis/explorations/population/population_exploration_20260930/code/05_population_information.py,reports/population_exploration_20260930/code/05_population_information.py,historical,,"Earlier exploration; retained at source, not executed by poster notebooks",Historical snapshot; port required before execution
analysis/explorations/population/population_exploration_20260930/code/06_information_checks.py,reports/population_exploration_20260930/code/06_information_checks.py,historical,,"Earlier exploration; retained at source, not executed by poster notebooks",Historical snapshot; port required before execution
analysis/explorations/population/population_exploration_20260930/code/07_population_chemistry.py,reports/population_exploration_20260930/code/07_population_chemistry.py,historical,,"Earlier exploration; retained at source, not executed by poster notebooks",Historical snapshot; port required before execution
analysis/explorations/population/population_exploration_20260930/code/08_chemical_neighbors.py,reports/population_exploration_20260930/code/08_chemical_neighbors.py,historical,,"Earlier exploration; retained at source, not executed by poster notebooks",Historical snapshot; port required before execution
analysis/explorations/population/population_exploration_20260930/code/09_synthesis.py,reports/population_exploration_20260930/code/09_synthesis.py,historical,,"Earlier exploration; retained at source, not executed by poster notebooks",Historical snapshot; port required before execution
analysis/explorations/population/population_exploration_20260930/code/10_verify.py,reports/population_exploration_20260930/code/10_verify.py,historical,,"Earlier exploration; retained at source, not executed by poster notebooks",Historical snapshot; port required before execution
analysis/explorations/population/population_exploration_20260930/code/run_analysis.py,reports/population_exploration_20260930/code/run_analysis.py,historical,,"Earlier exploration; retained at source, not executed by poster notebooks",Historical snapshot; port required before execution
analysis/explorations/population/population_first_20260930/code/00_align_inputs.py,reports/population_first_20260930/code/00_align_inputs.py,historical,,"Earlier exploration; retained at source, not executed by poster notebooks",Historical snapshot; port required before execution
analysis/explorations/population/population_first_20260930/code/01_population_structure.py,reports/population_first_20260930/code/01_population_structure.py,historical,,"Earlier exploration; retained at source, not executed by poster notebooks",Historical snapshot; port required before execution
analysis/explorations/population/population_first_20260930/code/02_neural_value.py,reports/population_first_20260930/code/02_neural_value.py,historical,,"Earlier exploration; retained at source, not executed by poster notebooks",Historical snapshot; port required before execution
analysis/explorations/population/population_first_20260930/code/03_population_chemistry.py,reports/population_first_20260930/code/03_population_chemistry.py,historical,,"Earlier exploration; retained at source, not executed by poster notebooks",Historical snapshot; port required before execution
analysis/explorations/population/population_first_20260930/code/04_shared_task.py,reports/population_first_20260930/code/04_shared_task.py,historical,,"Earlier exploration; retained at source, not executed by poster notebooks",Historical snapshot; port required before execution
analysis/explorations/population/population_first_20260930/code/05_latent_chemistry.py,reports/population_first_20260930/code/05_latent_chemistry.py,historical,,"Earlier exploration; retained at source, not executed by poster notebooks",Historical snapshot; port required before execution
analysis/explorations/population/population_first_20260930/code/06_verify.py,reports/population_first_20260930/code/06_verify.py,historical,,"Earlier exploration; retained at source, not executed by poster notebooks",Historical snapshot; port required before execution
analysis/explorations/population/population_first_20260930/run_analysis.py,reports/population_first_20260930/run_analysis.py,historical,,"Earlier exploration; retained at source, not executed by poster notebooks",Historical snapshot; port required before execution
analysis/explorations/representation/exploration_response_profiles_20261001/code/response_comparisons.py,reports/exploration_response_profiles_20261001/code/response_comparisons.py,01;02,,Earlier SNR definitions/representations retained as history,Historical snapshot; port required before execution
analysis/explorations/representation/exploration_response_profiles_20261001/code/response_plots.py,reports/exploration_response_profiles_20261001/code/response_plots.py,01;02,,Earlier SNR definitions/representations retained as history,Historical snapshot; port required before execution
analysis/explorations/representation/exploration_response_profiles_20261001/code/response_representation.py,reports/exploration_response_profiles_20261001/code/response_representation.py,00,preparation.py,"Pure SNR, weighted SVD and aggregation extracted; no runtime legacy import",Historical snapshot; port required before execution
analysis/explorations/representation/exploration_response_profiles_20261001/code/run_exploration.py,reports/exploration_response_profiles_20261001/code/run_exploration.py,01;02,,Earlier SNR definitions/representations retained as history,Historical snapshot; port required before execution
analysis/explorations/representation/exploration_response_profiles_20261001/code/test_response_profiles.py,reports/exploration_response_profiles_20261001/code/test_response_profiles.py,01;02,,Earlier SNR definitions/representations retained as history,Historical snapshot; port required before execution
analysis/explorations/representation/exploration_response_profiles_individual_snr_20261002/code/export_hmds_3d_viewer.py,reports/exploration_response_profiles_individual_snr_20261002/code/export_hmds_3d_viewer.py,00;01;02;03,preparation.py;atlas.py;repeatability.py,Preparation defaults/table schemas and parity references; old chemical/HMDS uses legacy chemistry,Historical snapshot; port required before execution
analysis/explorations/representation/exploration_response_profiles_individual_snr_20261002/code/hmds_view_selection.py,reports/exploration_response_profiles_individual_snr_20261002/code/hmds_view_selection.py,00;01;02;03,preparation.py;atlas.py;repeatability.py,Preparation defaults/table schemas and parity references; old chemical/HMDS uses legacy chemistry,Historical snapshot; port required before execution
analysis/explorations/representation/exploration_response_profiles_individual_snr_20261002/code/individual_comparison_display.py,reports/exploration_response_profiles_individual_snr_20261002/code/individual_comparison_display.py,00;01;02;03,preparation.py;atlas.py;repeatability.py,Preparation defaults/table schemas and parity references; old chemical/HMDS uses legacy chemistry,Historical snapshot; port required before execution
analysis/explorations/representation/exploration_response_profiles_individual_snr_20261002/code/individual_comparisons.py,reports/exploration_response_profiles_individual_snr_20261002/code/individual_comparisons.py,00;01;02;03,preparation.py;atlas.py;repeatability.py,Preparation defaults/table schemas and parity references; old chemical/HMDS uses legacy chemistry,Historical snapshot; port required before execution
analysis/explorations/representation/exploration_response_profiles_individual_snr_20261002/code/individual_hmds.py,reports/exploration_response_profiles_individual_snr_20261002/code/individual_hmds.py,00;01;02;03,preparation.py;atlas.py;repeatability.py,Preparation defaults/table schemas and parity references; old chemical/HMDS uses legacy chemistry,Historical snapshot; port required before execution
analysis/explorations/representation/exploration_response_profiles_individual_snr_20261002/code/individual_hmds_3d.py,reports/exploration_response_profiles_individual_snr_20261002/code/individual_hmds_3d.py,00;01;02;03,preparation.py;atlas.py;repeatability.py,Preparation defaults/table schemas and parity references; old chemical/HMDS uses legacy chemistry,Historical snapshot; port required before execution
analysis/explorations/representation/exploration_response_profiles_individual_snr_20261002/code/individual_hmds_full.py,reports/exploration_response_profiles_individual_snr_20261002/code/individual_hmds_full.py,00;01;02;03,preparation.py;atlas.py;repeatability.py,Preparation defaults/table schemas and parity references; old chemical/HMDS uses legacy chemistry,Historical snapshot; port required before execution
analysis/explorations/representation/exploration_response_profiles_individual_snr_20261002/code/individual_plots.py,reports/exploration_response_profiles_individual_snr_20261002/code/individual_plots.py,00;01;02;03,preparation.py;atlas.py;repeatability.py,Preparation defaults/table schemas and parity references; old chemical/HMDS uses legacy chemistry,Historical snapshot; port required before execution
analysis/explorations/representation/exploration_response_profiles_individual_snr_20261002/code/individual_profile_display.py,reports/exploration_response_profiles_individual_snr_20261002/code/individual_profile_display.py,00;01;02;03,preparation.py;atlas.py;repeatability.py,Preparation defaults/table schemas and parity references; old chemical/HMDS uses legacy chemistry,Historical snapshot; port required before execution
analysis/explorations/representation/exploration_response_profiles_individual_snr_20261002/code/individual_repeatability_display.py,reports/exploration_response_profiles_individual_snr_20261002/code/individual_repeatability_display.py,00;01;02;03,preparation.py;atlas.py;repeatability.py,Preparation defaults/table schemas and parity references; old chemical/HMDS uses legacy chemistry,Historical snapshot; port required before execution
analysis/explorations/representation/exploration_response_profiles_individual_snr_20261002/code/individual_representation.py,reports/exploration_response_profiles_individual_snr_20261002/code/individual_representation.py,00;01;02;03,preparation.py;atlas.py;repeatability.py,Preparation defaults/table schemas and parity references; old chemical/HMDS uses legacy chemistry,Historical snapshot; port required before execution
analysis/explorations/representation/exploration_response_profiles_individual_snr_20261002/code/refresh_individual_figures.py,reports/exploration_response_profiles_individual_snr_20261002/code/refresh_individual_figures.py,00;01;02;03,preparation.py;atlas.py;repeatability.py,Preparation defaults/table schemas and parity references; old chemical/HMDS uses legacy chemistry,Historical snapshot; port required before execution
analysis/explorations/representation/exploration_response_profiles_individual_snr_20261002/code/run_individual_exploration.py,reports/exploration_response_profiles_individual_snr_20261002/code/run_individual_exploration.py,00;01;02;03,preparation.py;atlas.py;repeatability.py,Preparation defaults/table schemas and parity references; old chemical/HMDS uses legacy chemistry,Historical snapshot; port required before execution
analysis/explorations/representation/exploration_response_profiles_individual_snr_20261002/code/snr_definition_audit.py,reports/exploration_response_profiles_individual_snr_20261002/code/snr_definition_audit.py,00;01;02;03,preparation.py;atlas.py;repeatability.py,Preparation defaults/table schemas and parity references; old chemical/HMDS uses legacy chemistry,Historical snapshot; port required before execution
analysis/explorations/representation/exploration_response_profiles_individual_snr_20261002/code/test_individual_profiles.py,reports/exploration_response_profiles_individual_snr_20261002/code/test_individual_profiles.py,00;01;02;03,preparation.py;atlas.py;repeatability.py,Preparation defaults/table schemas and parity references; old chemical/HMDS uses legacy chemistry,Historical snapshot; port required before execution
analysis/explorations/representation/exploration_response_profiles_individual_snr_20261002/figures/previous_single_view_3d/individual_comparison_display.py,reports/exploration_response_profiles_individual_snr_20261002/figures/previous_single_view_3d/individual_comparison_display.py,00;01;02;03,preparation.py;atlas.py;repeatability.py,Preparation defaults/table schemas and parity references; old chemical/HMDS uses legacy chemistry,Historical snapshot; port required before execution
analysis/explorations/representation/exploration_response_profiles_individual_snr_20261002/hmds/neural/hmds_refinement_used.py,reports/exploration_response_profiles_individual_snr_20261002/hmds/neural/hmds_refinement_used.py,00;01;02;03,preparation.py;atlas.py;repeatability.py,Preparation defaults/table schemas and parity references; old chemical/HMDS uses legacy chemistry,Historical snapshot; port required before execution
analysis/explorations/representation/exploration_response_profiles_individual_snr_20261002/hmds/neural/neural_hmds_used.py,reports/exploration_response_profiles_individual_snr_20261002/hmds/neural/neural_hmds_used.py,00;01;02;03,preparation.py;atlas.py;repeatability.py,Preparation defaults/table schemas and parity references; old chemical/HMDS uses legacy chemistry,Historical snapshot; port required before execution
analysis/explorations/representation/exploration_response_profiles_individual_snr_20261002/hmds3d/individual_hmds_3d_used.py,reports/exploration_response_profiles_individual_snr_20261002/hmds3d/individual_hmds_3d_used.py,00;01;02;03,preparation.py;atlas.py;repeatability.py,Preparation defaults/table schemas and parity references; old chemical/HMDS uses legacy chemistry,Historical snapshot; port required before execution
analysis/explorations/representation/exploration_response_profiles_individual_snr_20261002/hmds3d/neural/hmds_refinement_used.py,reports/exploration_response_profiles_individual_snr_20261002/hmds3d/neural/hmds_refinement_used.py,00;01;02;03,preparation.py;atlas.py;repeatability.py,Preparation defaults/table schemas and parity references; old chemical/HMDS uses legacy chemistry,Historical snapshot; port required before execution
analysis/explorations/representation/exploration_response_profiles_individual_snr_20261002/hmds3d/neural/neural_hmds_used.py,reports/exploration_response_profiles_individual_snr_20261002/hmds3d/neural/neural_hmds_used.py,00;01;02;03,preparation.py;atlas.py;repeatability.py,Preparation defaults/table schemas and parity references; old chemical/HMDS uses legacy chemistry,Historical snapshot; port required before execution
analysis/explorations/representation/exploration_response_profiles_individual_snr_20261002/hmds_full106/2d/neural/hmds_refinement_used.py,reports/exploration_response_profiles_individual_snr_20261002/hmds_full106/2d/neural/hmds_refinement_used.py,00;01;02;03,preparation.py;atlas.py;repeatability.py,Preparation defaults/table schemas and parity references; old chemical/HMDS uses legacy chemistry,Historical snapshot; port required before execution
analysis/explorations/representation/exploration_response_profiles_individual_snr_20261002/hmds_full106/2d/neural/neural_hmds_used.py,reports/exploration_response_profiles_individual_snr_20261002/hmds_full106/2d/neural/neural_hmds_used.py,00;01;02;03,preparation.py;atlas.py;repeatability.py,Preparation defaults/table schemas and parity references; old chemical/HMDS uses legacy chemistry,Historical snapshot; port required before execution
analysis/explorations/representation/exploration_response_profiles_individual_snr_20261002/hmds_full106/3d/neural/hmds_refinement_used.py,reports/exploration_response_profiles_individual_snr_20261002/hmds_full106/3d/neural/hmds_refinement_used.py,00;01;02;03,preparation.py;atlas.py;repeatability.py,Preparation defaults/table schemas and parity references; old chemical/HMDS uses legacy chemistry,Historical snapshot; port required before execution
analysis/explorations/representation/exploration_response_profiles_individual_snr_20261002/hmds_full106/3d/neural/neural_hmds_used.py,reports/exploration_response_profiles_individual_snr_20261002/hmds_full106/3d/neural/neural_hmds_used.py,00;01;02;03,preparation.py;atlas.py;repeatability.py,Preparation defaults/table schemas and parity references; old chemical/HMDS uses legacy chemistry,Historical snapshot; port required before execution
analysis/explorations/representation/exploration_response_profiles_individual_snr_20261002/hmds_full106/individual_hmds_full_used.py,reports/exploration_response_profiles_individual_snr_20261002/hmds_full106/individual_hmds_full_used.py,00;01;02;03,preparation.py;atlas.py;repeatability.py,Preparation defaults/table schemas and parity references; old chemical/HMDS uses legacy chemistry,Historical snapshot; port required before execution
analysis/explorations/representation/exploration_response_profiles_trial_snr_20261001/code/run_trial_exploration.py,reports/exploration_response_profiles_trial_snr_20261001/code/run_trial_exploration.py,01;02,,Earlier SNR definitions/representations retained as history,Historical snapshot; port required before execution
analysis/explorations/representation/exploration_response_profiles_trial_snr_20261001/code/test_trial_profiles.py,reports/exploration_response_profiles_trial_snr_20261001/code/test_trial_profiles.py,01;02,,Earlier SNR definitions/representations retained as history,Historical snapshot; port required before execution
analysis/explorations/representation/exploration_response_profiles_trial_snr_20261001/code/trial_comparisons.py,reports/exploration_response_profiles_trial_snr_20261001/code/trial_comparisons.py,01;02,,Earlier SNR definitions/representations retained as history,Historical snapshot; port required before execution
analysis/explorations/representation/exploration_response_profiles_trial_snr_20261001/code/trial_hmds.py,reports/exploration_response_profiles_trial_snr_20261001/code/trial_hmds.py,01;02,,Earlier SNR definitions/representations retained as history,Historical snapshot; port required before execution
analysis/explorations/representation/exploration_response_profiles_trial_snr_20261001/code/trial_plots.py,reports/exploration_response_profiles_trial_snr_20261001/code/trial_plots.py,01;02,,Earlier SNR definitions/representations retained as history,Historical snapshot; port required before execution
analysis/explorations/representation/exploration_response_profiles_trial_snr_20261001/code/trial_representation.py,reports/exploration_response_profiles_trial_snr_20261001/code/trial_representation.py,01;02,,Earlier SNR definitions/representations retained as history,Historical snapshot; port required before execution
analysis/explorations/representation/exploration_response_profiles_trial_snr_20261001/hmds/neural/hmds_refinement_used.py,reports/exploration_response_profiles_trial_snr_20261001/hmds/neural/hmds_refinement_used.py,01;02,,Earlier SNR definitions/representations retained as history,Historical snapshot; port required before execution
analysis/explorations/representation/exploration_response_profiles_trial_snr_20261001/hmds/neural/neural_hmds_used.py,reports/exploration_response_profiles_trial_snr_20261001/hmds/neural/neural_hmds_used.py,01;02,,Earlier SNR definitions/representations retained as history,Historical snapshot; port required before execution
analysis/explorations/representation/exploration_response_profiles_trial_snr_20261001/hmds_initial_disconnected/neural/hmds_refinement_used.py,reports/exploration_response_profiles_trial_snr_20261001/hmds_initial_disconnected/neural/hmds_refinement_used.py,01;02,,Earlier SNR definitions/representations retained as history,Historical snapshot; port required before execution
analysis/explorations/representation/exploration_response_profiles_trial_snr_20261001/hmds_initial_disconnected/neural/neural_hmds_used.py,reports/exploration_response_profiles_trial_snr_20261001/hmds_initial_disconnected/neural/neural_hmds_used.py,01;02,,Earlier SNR definitions/representations retained as history,Historical snapshot; port required before execution
analysis/explorations/representation/response_structure_display_sketch_20260930/draw_schematic.py,reports/response_structure_display_sketch_20260930/draw_schematic.py,01,atlas.py,Original response-model exploration retained; not refitted by poster,Historical snapshot; port required before execution
