report_name,topic,original_report_path,source_dir,report_dir
exploration_20260929,population,reports/exploration_20260929,analysis/explorations/population/exploration_20260929,reports/population/exploration_20260929
atlas_extension_20260930,population,reports/atlas_extension_20260930,analysis/explorations/population/atlas_extension_20260930,reports/population/atlas_extension_20260930
population_exploration_20260930,population,reports/population_exploration_20260930,analysis/explorations/population/population_exploration_20260930,reports/population/population_exploration_20260930
population_first_20260930,population,reports/population_first_20260930,analysis/explorations/population/population_first_20260930,reports/population/population_first_20260930
exploration_response_profiles_20261001,representation,reports/exploration_response_profiles_20261001,analysis/explorations/representation/exploration_response_profiles_20261001,reports/representation/exploration_response_profiles_20261001
exploration_response_profiles_trial_snr_20261001,representation,reports/exploration_response_profiles_trial_snr_20261001,analysis/explorations/representation/exploration_response_profiles_trial_snr_20261001,reports/representation/exploration_response_profiles_trial_snr_20261001
exploration_response_profiles_individual_snr_20261002,representation,reports/exploration_response_profiles_individual_snr_20261002,analysis/explorations/representation/exploration_response_profiles_individual_snr_20261002,reports/representation/exploration_response_profiles_individual_snr_20261002
response_structure_20260930,representation,reports/response_structure_20260930,analysis/explorations/representation/response_structure_20260930,reports/representation/response_structure_20260930
response_structure_display_20260930,representation,reports/response_structure_display_20260930,analysis/explorations/representation/response_structure_display_20260930,reports/representation/response_structure_display_20260930
response_structure_display_sketch_20260930,representation,reports/response_structure_display_sketch_20260930,analysis/explorations/representation/response_structure_display_sketch_20260930,reports/representation/response_structure_display_sketch_20260930
response_structure_poster_20261001,representation,reports/response_structure_poster_20261001,analysis/explorations/representation/response_structure_poster_20261001,reports/representation/response_structure_poster_20261001
response_process_draft_20261001,representation,reports/response_process_draft_20261001,analysis/explorations/representation/response_process_draft_20261001,reports/representation/response_process_draft_20261001
chemical_neighborhood_focus_20260930,chemical_neural,reports/chemical_neighborhood_focus_20260930,analysis/explorations/chemical_neural/chemical_neighborhood_focus_20260930,reports/chemical_neural/chemical_neighborhood_focus_20260930
exploration_neural_compound_relations_20261002,chemical_neural,reports/exploration_neural_compound_relations_20261002,analysis/explorations/chemical_neural/exploration_neural_compound_relations_20261002,reports/chemical_neural/exploration_neural_compound_relations_20261002
exploration_pair_quadrants_20261002,chemical_neural,reports/exploration_pair_quadrants_20261002,analysis/explorations/chemical_neural/exploration_pair_quadrants_20261002,reports/chemical_neural/exploration_pair_quadrants_20261002
exploration_matched_pair_context_20261003,chemical_neural,reports/exploration_matched_pair_context_20261003,analysis/explorations/chemical_neural/exploration_matched_pair_context_20261003,reports/chemical_neural/exploration_matched_pair_context_20261003
exploration_chemical_pattern_recurrence_20261003,chemical_neural,reports/exploration_chemical_pattern_recurrence_20261003,analysis/explorations/chemical_neural/exploration_chemical_pattern_recurrence_20261003,reports/chemical_neural/exploration_chemical_pattern_recurrence_20261003
exploration_chemical_pattern_direct_report_20261003,chemical_neural,reports/exploration_chemical_pattern_direct_report_20261003,analysis/explorations/chemical_neural/exploration_chemical_pattern_direct_report_20261003,reports/chemical_neural/exploration_chemical_pattern_direct_report_20261003
exploration_genus_patterns_independent_20261003,genus,reports/exploration_genus_patterns_independent_20261003,analysis/explorations/genus/exploration_genus_patterns_independent_20261003,reports/genus/exploration_genus_patterns_independent_20261003
exploration_genus_within_between_20261003,genus,reports/exploration_genus_within_between_20261003,analysis/explorations/genus/exploration_genus_within_between_20261003,reports/genus/exploration_genus_within_between_20261003
exploration_bacteroides_local_model_20261003,local_states,reports/exploration_bacteroides_local_model_20261003,analysis/explorations/local_states/exploration_bacteroides_local_model_20261003,reports/local_states/exploration_bacteroides_local_model_20261003
exploration_bacteroides_adf_ash_chemical_20261003,local_states,reports/exploration_bacteroides_adf_ash_chemical_20261003,analysis/explorations/local_states/exploration_bacteroides_adf_ash_chemical_20261003,reports/local_states/exploration_bacteroides_adf_ash_chemical_20261003
exploration_bacteroides_neural_reliability_20261003,local_states,reports/exploration_bacteroides_neural_reliability_20261003,analysis/explorations/local_states/exploration_bacteroides_neural_reliability_20261003,reports/local_states/exploration_bacteroides_neural_reliability_20261003
poster_local_chemical_neural_20261003,local_states,reports/poster_local_chemical_neural_20261003,analysis/explorations/local_states/poster_local_chemical_neural_20261003,reports/local_states/poster_local_chemical_neural_20261003
poster_neighborhoods_20260930,examples,reports/poster_neighborhoods_20260930,analysis/explorations/examples/poster_neighborhoods_20260930,reports/examples/poster_neighborhoods_20260930
poster_neighborhood_amplitudes_20261001,examples,reports/poster_neighborhood_amplitudes_20261001,analysis/explorations/examples/poster_neighborhood_amplitudes_20261001,reports/examples/poster_neighborhood_amplitudes_20261001
figure5_chemistry_first_20261001,examples,reports/figure5_chemistry_first_20261001,analysis/explorations/examples/figure5_chemistry_first_20261001,reports/examples/figure5_chemistry_first_20261001
figure5_example_selection_20261001,examples,reports/figure5_example_selection_20261001,analysis/explorations/examples/figure5_example_selection_20261001,reports/examples/figure5_example_selection_20261001
sample_interpretation_20261001,examples,reports/sample_interpretation_20261001,analysis/explorations/examples/sample_interpretation_20261001,reports/examples/sample_interpretation_20261001
sample_comparison_draft_20261001,examples,reports/sample_comparison_draft_20261001,analysis/explorations/examples/sample_comparison_draft_20261001,reports/examples/sample_comparison_draft_20261001
sample_comparison_backup_A022_A023_20261001,examples,reports/sample_comparison_backup_A022_A023_20261001,analysis/explorations/examples/sample_comparison_backup_A022_A023_20261001,reports/examples/sample_comparison_backup_A022_A023_20261001
sample_comparison_backup_A040_A041_20261001,examples,reports/sample_comparison_backup_A040_A041_20261001,analysis/explorations/examples/sample_comparison_backup_A040_A041_20261001,reports/examples/sample_comparison_backup_A040_A041_20261001
