original_path,current_path,sha256
reports/exploration_20260929/README.md,analysis/explorations/population/exploration_20260929/README.md,44a5d5567fe4fdc2a9e60a740721062f63a57a5a825941ad20794229dddffa3b
reports/exploration_20260929/REPORT.md,analysis/explorations/population/exploration_20260929/REPORT.md,dd3c1d4df1b39d7b314e40e111586ef0348521e0e7a2abac490b7e6dad2c52ee
reports/exploration_20260929/RESEARCH_LOG.md,analysis/explorations/population/exploration_20260929/RESEARCH_LOG.md,b0ae21063f7706ea402fdd68a8e7c19ab7677702b63c6f9a0b2bda56c5837e8f
reports/exploration_20260929/REVIEW.md,analysis/explorations/population/exploration_20260929/REVIEW.md,f997ca883f736647185ce73375a387d43bf0a70c9ef112c1d7ce80f3980ea6af
reports/exploration_20260929/code/01_prepare.py,analysis/explorations/population/exploration_20260929/code/01_prepare.py,cee13ba455e5895559318cf207a76aabdfcf8a65fd8b5f51720bd1a8886d6008
reports/exploration_20260929/code/02_neural_overview.py,analysis/explorations/population/exploration_20260929/code/02_neural_overview.py,e21bad96831d53a2427d967477deac04d08df4724ed3579bc71423641eae4194
reports/exploration_20260929/code/03_chemical_prepare.py,analysis/explorations/population/exploration_20260929/code/03_chemical_prepare.py,c85aca2680bc3ad3341b25443fd213356842f981c6fcb4b9171fa23e645e6b1c
reports/exploration_20260929/code/04_phenotype_checks.py,analysis/explorations/population/exploration_20260929/code/04_phenotype_checks.py,43c26d7f797e0f3d113e2b09129ffad8749a06e335bc9027cd5aba6ea216e760
reports/exploration_20260929/code/05_chemical_tests.py,analysis/explorations/population/exploration_20260929/code/05_chemical_tests.py,d00bf5d7c4c7ffa1b64c27be615cf45029259d6227e7f5a97024651a978a205d
reports/exploration_20260929/code/06_asparagine_check.py,analysis/explorations/population/exploration_20260929/code/06_asparagine_check.py,3284a85355a67b9e2f0234c27c17a21dccac552235c003c7e61c1bbfade08c37
reports/exploration_20260929/code/07_verify.py,analysis/explorations/population/exploration_20260929/code/07_verify.py,14c691c3f12513ecda57950c97c84aef7f806dd612c7b3d45eb8fc74557a67cd
reports/exploration_20260929/code/run_analysis.py,analysis/explorations/population/exploration_20260929/code/run_analysis.py,7cf7426891b4e1975267ef1e343478b4a6ca4ed7a2a8468ad6b10e5a5b9dc125
reports/exploration_20260929/logs/02_overview_decisions.md,analysis/explorations/population/exploration_20260929/logs/02_overview_decisions.md,ce338531338b99879a2df08c22cc4fd7eb7a3878f62ddac6a46a48370a81c459
reports/exploration_20260929/logs/04_findings.md,analysis/explorations/population/exploration_20260929/logs/04_findings.md,7c87525fcfb734edb49e70ff09bc165db11e6c08e5f536d253f32c883796f8b0
reports/exploration_20260929/logs/06_asparagine_decisions.md,analysis/explorations/population/exploration_20260929/logs/06_asparagine_decisions.md,465dfeac9f0b2910587bb47ae535be8cc5a3cfdeb7e1fcd4063720d996bea96d
reports/exploration_20260929/logs/INDEPENDENT_REVIEW.md,analysis/explorations/population/exploration_20260929/logs/INDEPENDENT_REVIEW.md,cb46424df2e08ae6acc036ee70ae1b5c3a1e27730a36ce2c238933e12790fbcf
reports/exploration_20260929/logs/pre_reassessment_20260930/README.md.txt,analysis/explorations/population/exploration_20260929/logs/pre_reassessment_20260930/README.md.txt,2b8427a35f8a52c7ee140f0be460a56e5d9f56c1169bfd251b75fefd47959ee1
reports/exploration_20260929/logs/pre_reassessment_20260930/REPORT.md.txt,analysis/explorations/population/exploration_20260929/logs/pre_reassessment_20260930/REPORT.md.txt,9dd8cf9fccd1a2d4d0543dac1246d5beb4bb85bbf1a544de105aa731135f3f10
reports/exploration_20260929/logs/pre_reassessment_20260930/RESEARCH_LOG.md.txt,analysis/explorations/population/exploration_20260929/logs/pre_reassessment_20260930/RESEARCH_LOG.md.txt,f3436a914d73f7c4f552fb72abf651daa7fb39edf5bad94a27a58c4d1e02498c
reports/exploration_20260929/logs/pre_reassessment_20260930/REVIEW.md.txt,analysis/explorations/population/exploration_20260929/logs/pre_reassessment_20260930/REVIEW.md.txt,12626018531820fce58c9645ecfa90722b7bdd87cac2acd3b95679920e1d846e
reports/atlas_extension_20260930/README.md,analysis/explorations/population/atlas_extension_20260930/README.md,18312bc379c62b842317faae7702679596d6921430e28ceb37645fa39d9c3690
reports/atlas_extension_20260930/REPORT.md,analysis/explorations/population/atlas_extension_20260930/REPORT.md,cbd4b4ad0e2274969a5b6b355ca47a851d8a3ff5657b49337fc2ca4291d2dd60
reports/atlas_extension_20260930/RESEARCH_LOG.md,analysis/explorations/population/atlas_extension_20260930/RESEARCH_LOG.md,38e766803265bd200484017d13c6a40545776f680799278ce851c29c5a69d6f8
reports/atlas_extension_20260930/REVIEW.md,analysis/explorations/population/atlas_extension_20260930/REVIEW.md,31dceb935ab47063893784c9cfa02f76842a8c20b831b2eb62c619be9926368c
reports/atlas_extension_20260930/code/00_provenance.py,analysis/explorations/population/atlas_extension_20260930/code/00_provenance.py,0711f3460203fb8a1b514fab8892b55ca6ca3f85fe1ecb1017a6a8cd64a8ee0f
reports/atlas_extension_20260930/code/01_atlas_roles.py,analysis/explorations/population/atlas_extension_20260930/code/01_atlas_roles.py,7ac07266fa29b62cf9bda111abc72612e49da27e40fc52870c8b4e1cef7f5e83
reports/atlas_extension_20260930/code/02_response_patterns.py,analysis/explorations/population/atlas_extension_20260930/code/02_response_patterns.py,844497f637fadf4466e62332e5c788289590fe8ca01abe4a8a1388a9a3fb5338
reports/atlas_extension_20260930/code/03_chemical_profiles.py,analysis/explorations/population/atlas_extension_20260930/code/03_chemical_profiles.py,211a8d42517983a25a66c52cb29695de31cf40922859e43e6debb547c1822fae
reports/atlas_extension_20260930/code/04_targeted_chemistry.py,analysis/explorations/population/atlas_extension_20260930/code/04_targeted_chemistry.py,11136bf68f03e9b5daee42199d17b7ef833e346db328b6e275ea9ae698e17964
reports/atlas_extension_20260930/code/05_chemical_checks.py,analysis/explorations/population/atlas_extension_20260930/code/05_chemical_checks.py,859adb98899f10c44563515dbdbfc9c32acc23caa9c2ca8c2c925905871b7290
reports/atlas_extension_20260930/code/06_within_genus_chemistry.py,analysis/explorations/population/atlas_extension_20260930/code/06_within_genus_chemistry.py,01c6812dead836121ed9ea9dffaa11ef6b2a93491a4dbb79081efff4c0f9eeb4
reports/atlas_extension_20260930/code/07_population_bridge.py,analysis/explorations/population/atlas_extension_20260930/code/07_population_bridge.py,3d8e9d01b38fcf002102d766d82473048dda7e889766be2bdbe10ad3ae9cff76
reports/atlas_extension_20260930/code/08_verify.py,analysis/explorations/population/atlas_extension_20260930/code/08_verify.py,741e65fba7db6425dcdfac5a667140cc32c42a23f61ca859c7ea3a8a2ca4fdee
reports/atlas_extension_20260930/logs/atlas_roles_findings.md,analysis/explorations/population/atlas_extension_20260930/logs/atlas_roles_findings.md,43e4ba877a4702692fe18de74985380d7bb270b72481307fdb5d8f3fe76b6d96
reports/atlas_extension_20260930/logs/chem_profiles_findings.md,analysis/explorations/population/atlas_extension_20260930/logs/chem_profiles_findings.md,37cb5238871ca539afd03f8d10de083a4f31b160ed0a6d2e43837c47e964734b
reports/atlas_extension_20260930/logs/independent_review.md,analysis/explorations/population/atlas_extension_20260930/logs/independent_review.md,141e6022da9dced04b7ede83ceaf7aa6a9441861929c6bfdc86ec1903b08da41
reports/atlas_extension_20260930/logs/response_patterns_findings.md,analysis/explorations/population/atlas_extension_20260930/logs/response_patterns_findings.md,b5ddc5d86a8d713715854f42c5294ed70c314eff196b0d8e8d5f036965277b87
reports/atlas_extension_20260930/run_analysis.py,analysis/explorations/population/atlas_extension_20260930/run_analysis.py,1f844a61eaf5b7df555a97bce33d2395aaf076b466d45a7b1ac1dbfbf3c8729e
reports/population_exploration_20260930/README.md,analysis/explorations/population/population_exploration_20260930/README.md,53c894ac5a5714e23461f614e724f4ff2a163abbf4b9daa54b308c324dd34b21
reports/population_exploration_20260930/REPORT.md,analysis/explorations/population/population_exploration_20260930/REPORT.md,79024fbb725c3651038b59fda2fafe5e5f9adff80c614c14efb7b0aab39ce441
reports/population_exploration_20260930/RESEARCH_LOG.md,analysis/explorations/population/population_exploration_20260930/RESEARCH_LOG.md,4d85c4a75fc4a0f86cbab87c9f35d0174d182ebc5cfa119e298b657df699fde2
reports/population_exploration_20260930/REVIEW.md,analysis/explorations/population/population_exploration_20260930/REVIEW.md,86eac2edcfc4d4ce9450f2b2c2dabbc8ae652449bfb24f93a769cf0cee4c66ad
reports/population_exploration_20260930/code/01_prepare.py,analysis/explorations/population/population_exploration_20260930/code/01_prepare.py,bdde65ecee079352e9516892babe119b4e28171f2b19c79fdb239b7e3f7c5a7a
reports/population_exploration_20260930/code/02_population_patterns.py,analysis/explorations/population/population_exploration_20260930/code/02_population_patterns.py,453a900ec37f68e494e09c1749a299b542eb00ae7374c66588ce461d17a9cc15
reports/population_exploration_20260930/code/03_temporal_patterns.py,analysis/explorations/population/population_exploration_20260930/code/03_temporal_patterns.py,65ce7c062de7da62918e73f3b497bab8470c44b9868836d126a6c99ac7f24577
reports/population_exploration_20260930/code/04_chemical_groups.py,analysis/explorations/population/population_exploration_20260930/code/04_chemical_groups.py,b54938b61b84747ad71bf5009e1e840f4ca496d813941bb9de8a23b6881b7eb3
reports/population_exploration_20260930/code/05_population_information.py,analysis/explorations/population/population_exploration_20260930/code/05_population_information.py,c7d9bbc2ef4666022acc2b1250df029effeb57268db1ee7a57462ae6871a618e
reports/population_exploration_20260930/code/06_information_checks.py,analysis/explorations/population/population_exploration_20260930/code/06_information_checks.py,e96c355f293635c45f32e97a83006911548b37bdd637ee655b07096ef2415af5
reports/population_exploration_20260930/code/07_population_chemistry.py,analysis/explorations/population/population_exploration_20260930/code/07_population_chemistry.py,2e4139637e80571af8e9de553be1cb9015946fd89a723a4eff1d7197b8b8da61
reports/population_exploration_20260930/code/08_chemical_neighbors.py,analysis/explorations/population/population_exploration_20260930/code/08_chemical_neighbors.py,01da4b1cfa195a64ce1d9d3fbba8aed6464f77f65e5425b180777e8a718ce8fd
reports/population_exploration_20260930/code/09_synthesis.py,analysis/explorations/population/population_exploration_20260930/code/09_synthesis.py,a40cce562ad2c124cf44ccb9cc5c4f02cc8bbdab63afdb67db5a5092e04747a8
reports/population_exploration_20260930/code/10_verify.py,analysis/explorations/population/population_exploration_20260930/code/10_verify.py,693ac60a050e1048a82de6565792fb6b5717d01441669206127c0cbd67c95cf0
reports/population_exploration_20260930/code/run_analysis.py,analysis/explorations/population/population_exploration_20260930/code/run_analysis.py,b5c689f56243450413436644cb861931b65a4e764da962e36d7d86dca09faa6a
reports/population_exploration_20260930/logs/chem_neighbors_findings.md,analysis/explorations/population/population_exploration_20260930/logs/chem_neighbors_findings.md,d6ff925baf7c7088964cf82b553c291838d1ef7dc2fdb743be114a7cb29db896
reports/population_exploration_20260930/logs/chemical_groups_README.md,analysis/explorations/population/population_exploration_20260930/logs/chemical_groups_README.md,3e3275ad40602a89aa2e741d8e80cee23f9464253cfd740061c78b977b1df789
reports/population_exploration_20260930/logs/independent_review.md,analysis/explorations/population/population_exploration_20260930/logs/independent_review.md,79daa76e97563cb41eabcb7fdf46cb077fbc650340fdfa331d68da4042d585fc
reports/population_exploration_20260930/logs/population_findings.md,analysis/explorations/population/population_exploration_20260930/logs/population_findings.md,2292484d31f32942d9e74b0b0dabe352557bf89c18624569655a9cc2c22c5999
reports/population_exploration_20260930/logs/temporal_findings.md,analysis/explorations/population/population_exploration_20260930/logs/temporal_findings.md,fcb5217ed63d1a25f90573d24cb047b6aac8decf1d4f33c85311afd8a9066328
reports/population_first_20260930/README.md,analysis/explorations/population/population_first_20260930/README.md,76b687dc4654559a7ec5e6e4aaf0ca959520e508521090bb1afb2fd206439b98
reports/population_first_20260930/REPORT.md,analysis/explorations/population/population_first_20260930/REPORT.md,6c36a6c25d957b1d91b378deef6432b60c9251673ab0ee3e976c8a1aefa25b32
reports/population_first_20260930/RESEARCH_LOG.md,analysis/explorations/population/population_first_20260930/RESEARCH_LOG.md,3e066b8359f2bd4b60cc4e86db969bbf39a3ec90ec4a139e2aa3f99e3edca1b1
reports/population_first_20260930/REVIEW.md,analysis/explorations/population/population_first_20260930/REVIEW.md,ec5d91cdbeb8832248341a56a57548423d0c3d9c96fd75495c8a9efa0778ad39
reports/population_first_20260930/code/00_align_inputs.py,analysis/explorations/population/population_first_20260930/code/00_align_inputs.py,313aa3369771db07268b9de9c2dd5aad0fe533cb5aa6bfd329bf37a397a33775
reports/population_first_20260930/code/01_population_structure.py,analysis/explorations/population/population_first_20260930/code/01_population_structure.py,e2901b7bbc8e26ba9192c97cb1bff0605b0a167dd50058bcdd71bb9ed9a0281a
reports/population_first_20260930/code/02_neural_value.py,analysis/explorations/population/population_first_20260930/code/02_neural_value.py,fb8a71f54dbc72ab09c6cd991d478ad55b043a22f0efb934f71b50c9b53c7832
reports/population_first_20260930/code/03_population_chemistry.py,analysis/explorations/population/population_first_20260930/code/03_population_chemistry.py,aca555f84fd7e9a9c9c6abd2bc009f979e80e6c025c99101d16600ade5c3f672
reports/population_first_20260930/code/04_shared_task.py,analysis/explorations/population/population_first_20260930/code/04_shared_task.py,b6a57c9971dcb02405e5a379208636f31affab883ef3b7b458e2139e7665b2f4
reports/population_first_20260930/code/05_latent_chemistry.py,analysis/explorations/population/population_first_20260930/code/05_latent_chemistry.py,ae00fbd20314a8f7feb58b5852ee4b9482dd4b1c03336d9fe095c629ecdfca51
reports/population_first_20260930/code/06_verify.py,analysis/explorations/population/population_first_20260930/code/06_verify.py,78adc9a811992b834f5397ab44f7584d8209600616bed9af577b26686a0a254d
reports/population_first_20260930/logs/alignment_methods.md,analysis/explorations/population/population_first_20260930/logs/alignment_methods.md,1f225826a661614b86906f40aa6ef097ddd2589372204a43fe53ff3dc38da5d4
reports/population_first_20260930/logs/independent_latent_review.md,analysis/explorations/population/population_first_20260930/logs/independent_latent_review.md,aa42aac64db048bb64b58662b44142801750a2b2cd8d5921a2fd434a2182f7b3
reports/population_first_20260930/logs/independent_neural_value_review.md,analysis/explorations/population/population_first_20260930/logs/independent_neural_value_review.md,e5c80062028de6bfa6ca218031988e5ca6af68bfff421d5cf08fd08b8772b0a2
reports/population_first_20260930/logs/independent_population_review.md,analysis/explorations/population/population_first_20260930/logs/independent_population_review.md,39185da8f05f402c714873490c04ffad079990f933bd566175d19b2d3b057663
reports/population_first_20260930/logs/independent_review.md,analysis/explorations/population/population_first_20260930/logs/independent_review.md,b23354320f25ad5a851daa227a074bb8d0c05dc94806683e997d54fcc50fb272
reports/population_first_20260930/logs/latent_chemistry_findings.md,analysis/explorations/population/population_first_20260930/logs/latent_chemistry_findings.md,5f5540dba850782d999cf05a0f313196e73f4df2643a59c575c3210ba9c9c09f
reports/population_first_20260930/logs/neural_value_findings.md,analysis/explorations/population/population_first_20260930/logs/neural_value_findings.md,bfff89732fae5b0572c4601afc753612fbfbf8221ed56f4e812589422047191e
reports/population_first_20260930/logs/population_structure_findings.md,analysis/explorations/population/population_first_20260930/logs/population_structure_findings.md,1cb0bf1a8d0c56c98bb9980684bd0dd7f7431cf114c80425ea19741f23a3df7e
reports/population_first_20260930/logs/shared_task_findings.md,analysis/explorations/population/population_first_20260930/logs/shared_task_findings.md,38383fbab798284ad4233d6c249240c3aca3f5b46771761d77dcf4693784dc51
reports/population_first_20260930/run_analysis.py,analysis/explorations/population/population_first_20260930/run_analysis.py,bfac8c0e7b84a742c21b1724714d73b005a00d50bf12565f3e6ae829675b0d6e
reports/exploration_response_profiles_20261001/README.md,analysis/explorations/representation/exploration_response_profiles_20261001/README.md,4adcf90e9491c7dc47086b483efbd7724bc243f3c246496c0396779cdbe820e0
reports/exploration_response_profiles_20261001/REPORT.md,analysis/explorations/representation/exploration_response_profiles_20261001/REPORT.md,553f48a50b5789245995f93b5fc798993184850c2775eda2c958bc189d12bd49
reports/exploration_response_profiles_20261001/code/response_comparisons.py,analysis/explorations/representation/exploration_response_profiles_20261001/code/response_comparisons.py,ffe38d604e2d2907485250eff238a99c0219f195b8ca0e5818610430c830fde9
reports/exploration_response_profiles_20261001/code/response_plots.py,analysis/explorations/representation/exploration_response_profiles_20261001/code/response_plots.py,57f9530867cd870078048b9c7e4786fa8b229a22b308c589a2f46fe61a521dfc
reports/exploration_response_profiles_20261001/code/response_representation.py,analysis/explorations/representation/exploration_response_profiles_20261001/code/response_representation.py,3647c2f651b3802ef7d312e14efaf1a25cd841dc4a4df409a2e0d8b1f3deef99
reports/exploration_response_profiles_20261001/code/run_exploration.py,analysis/explorations/representation/exploration_response_profiles_20261001/code/run_exploration.py,090d9ba3470891c909730c4ed2fc3d4f5c6a468434cef83c8fa4fa82416f3e69
reports/exploration_response_profiles_20261001/code/test_response_profiles.py,analysis/explorations/representation/exploration_response_profiles_20261001/code/test_response_profiles.py,8de16ef28b2eb6392b8af8e087e754e65d4849f63fb8e4064a69ee527dd41a73
reports/exploration_response_profiles_trial_snr_20261001/README.md,analysis/explorations/representation/exploration_response_profiles_trial_snr_20261001/README.md,139664b54dd425e1dbb42b613b37c52a9173f0822a3a7b9d250226fa826985bc
reports/exploration_response_profiles_trial_snr_20261001/REPORT.md,analysis/explorations/representation/exploration_response_profiles_trial_snr_20261001/REPORT.md,025e7dff248359f587bb6bd896d8682417bd6afeecb3ceb99d1e77735db242a9
reports/exploration_response_profiles_trial_snr_20261001/code/run_trial_exploration.py,analysis/explorations/representation/exploration_response_profiles_trial_snr_20261001/code/run_trial_exploration.py,224d3c5cb63299bc16abdf84448f35699815d7db5592b759232b599f25396c70
reports/exploration_response_profiles_trial_snr_20261001/code/test_trial_profiles.py,analysis/explorations/representation/exploration_response_profiles_trial_snr_20261001/code/test_trial_profiles.py,f4555df1eb6de0bb2903aa7de59c12ae9d1d90a30bf7f79d8eaba8c90084f2d8
reports/exploration_response_profiles_trial_snr_20261001/code/trial_comparisons.py,analysis/explorations/representation/exploration_response_profiles_trial_snr_20261001/code/trial_comparisons.py,56f89fd8afcba96191d7eef311b2b9b4c805e830eae93bf307d9c6780703edc2
reports/exploration_response_profiles_trial_snr_20261001/code/trial_hmds.py,analysis/explorations/representation/exploration_response_profiles_trial_snr_20261001/code/trial_hmds.py,80f782f35626e99fc2a675d1e25d4e0f6d21f69216c403923495faa7b2081b73
reports/exploration_response_profiles_trial_snr_20261001/code/trial_plots.py,analysis/explorations/representation/exploration_response_profiles_trial_snr_20261001/code/trial_plots.py,751b005ed0f2d18cad0d87c27061cc931d507ea081c49f10b3bf623aa3aca80a
reports/exploration_response_profiles_trial_snr_20261001/code/trial_representation.py,analysis/explorations/representation/exploration_response_profiles_trial_snr_20261001/code/trial_representation.py,14ad067b0608ab005ff4a02cc3d128872c4dcbc992d6547f10ba010a95da7e5e
reports/exploration_response_profiles_trial_snr_20261001/hmds/neural/hmds_refinement_used.py,analysis/explorations/representation/exploration_response_profiles_trial_snr_20261001/hmds/neural/hmds_refinement_used.py,b5252685d28809374008bdb73bface05d74eb6ab4b5cf45e7dbf8a476fa7bd0c
reports/exploration_response_profiles_trial_snr_20261001/hmds/neural/neural_hmds_used.py,analysis/explorations/representation/exploration_response_profiles_trial_snr_20261001/hmds/neural/neural_hmds_used.py,7adb2ceed293a8c4af6edc7a4020e46ff2383125fdee5967f80417aaa21c2026
reports/exploration_response_profiles_trial_snr_20261001/hmds_initial_disconnected/neural/hmds_refinement_used.py,analysis/explorations/representation/exploration_response_profiles_trial_snr_20261001/hmds_initial_disconnected/neural/hmds_refinement_used.py,b5252685d28809374008bdb73bface05d74eb6ab4b5cf45e7dbf8a476fa7bd0c
reports/exploration_response_profiles_trial_snr_20261001/hmds_initial_disconnected/neural/neural_hmds_used.py,analysis/explorations/representation/exploration_response_profiles_trial_snr_20261001/hmds_initial_disconnected/neural/neural_hmds_used.py,7adb2ceed293a8c4af6edc7a4020e46ff2383125fdee5967f80417aaa21c2026
reports/exploration_response_profiles_individual_snr_20261002/README.md,analysis/explorations/representation/exploration_response_profiles_individual_snr_20261002/README.md,3da85af6b4e423c0f900501e03e5b17b0133c50d3dce39be47a4ee6ea3d5b45f
reports/exploration_response_profiles_individual_snr_20261002/REPORT.md,analysis/explorations/representation/exploration_response_profiles_individual_snr_20261002/REPORT.md,54b9310876986345cae1a562cd1f2f5bbe2caf99d9e5ba58cabe94b71a4ab5a6
reports/exploration_response_profiles_individual_snr_20261002/code/export_hmds_3d_viewer.py,analysis/explorations/representation/exploration_response_profiles_individual_snr_20261002/code/export_hmds_3d_viewer.py,e4328c4c525e043a6e31a8775887c653341630fb0231443f9f319fe6f4725ad7
reports/exploration_response_profiles_individual_snr_20261002/code/hmds_view_selection.py,analysis/explorations/representation/exploration_response_profiles_individual_snr_20261002/code/hmds_view_selection.py,9284388308eb5317ab0391eb896433e0a35821f51b7b9644083c5abf939196c1
reports/exploration_response_profiles_individual_snr_20261002/code/individual_comparison_display.py,analysis/explorations/representation/exploration_response_profiles_individual_snr_20261002/code/individual_comparison_display.py,7127b960faf48c9b1cf757ccf753259359875c9f8e20638c57fe458041b48367
reports/exploration_response_profiles_individual_snr_20261002/code/individual_comparisons.py,analysis/explorations/representation/exploration_response_profiles_individual_snr_20261002/code/individual_comparisons.py,99f1d9b748b86edbb1b06a9105a9db5bd0f4bfafa1066094957e89e6da07ba15
reports/exploration_response_profiles_individual_snr_20261002/code/individual_hmds.py,analysis/explorations/representation/exploration_response_profiles_individual_snr_20261002/code/individual_hmds.py,ed9e8f7d8a575a517f22db9d2ebb58d7fc62ede5cc8897c9f0c28e860ffa5934
reports/exploration_response_profiles_individual_snr_20261002/code/individual_hmds_3d.py,analysis/explorations/representation/exploration_response_profiles_individual_snr_20261002/code/individual_hmds_3d.py,b4ae58b570df6e7cdb969c192b4182a6ed65060be2f2ecddea21f935a4411972
reports/exploration_response_profiles_individual_snr_20261002/code/individual_hmds_full.py,analysis/explorations/representation/exploration_response_profiles_individual_snr_20261002/code/individual_hmds_full.py,2531bb533659fa5c5c4dac6663eb2e35f8552fea2430abf0bcfed70192b98c07
reports/exploration_response_profiles_individual_snr_20261002/code/individual_plots.py,analysis/explorations/representation/exploration_response_profiles_individual_snr_20261002/code/individual_plots.py,db638d1a4ac51e94adc84c6c48f16c5b29820cafd84594031b49d42c0e26b27c
reports/exploration_response_profiles_individual_snr_20261002/code/individual_profile_display.py,analysis/explorations/representation/exploration_response_profiles_individual_snr_20261002/code/individual_profile_display.py,86abfaa886cfdd1f45b1616fb9d78a07750e84f600030c8be25d420261eaac94
reports/exploration_response_profiles_individual_snr_20261002/code/individual_repeatability_display.py,analysis/explorations/representation/exploration_response_profiles_individual_snr_20261002/code/individual_repeatability_display.py,9315bd5b08e7eea691410897fce5a0c6ef7f25a4793170a1f2c4c7cdae0db8e9
reports/exploration_response_profiles_individual_snr_20261002/code/individual_representation.py,analysis/explorations/representation/exploration_response_profiles_individual_snr_20261002/code/individual_representation.py,4fe28c4b5a4a0a32e25b57b2cfd778cab07689cbeb90c9e5973f2a03a95d8731
reports/exploration_response_profiles_individual_snr_20261002/code/refresh_individual_figures.py,analysis/explorations/representation/exploration_response_profiles_individual_snr_20261002/code/refresh_individual_figures.py,3eb6bdff30f70807b8320d15e07bf83066a5c331a1f0d1c105fd8a94ff241e10
reports/exploration_response_profiles_individual_snr_20261002/code/run_individual_exploration.py,analysis/explorations/representation/exploration_response_profiles_individual_snr_20261002/code/run_individual_exploration.py,e0a36c6c7eb6bfcf7a3f0c5e1271cd3f1b64b334854f2be9d3e316b47f147b07
reports/exploration_response_profiles_individual_snr_20261002/code/snr_definition_audit.py,analysis/explorations/representation/exploration_response_profiles_individual_snr_20261002/code/snr_definition_audit.py,7d619461b582bf724f4c69ae539c4eba1182141f051466153ef2f9cf97fa07e6
reports/exploration_response_profiles_individual_snr_20261002/code/test_individual_profiles.py,analysis/explorations/representation/exploration_response_profiles_individual_snr_20261002/code/test_individual_profiles.py,b460855d932d5b456ebd68101b35e6d3f782724f03e82472a9c172ccec1f8d09
reports/exploration_response_profiles_individual_snr_20261002/figures/previous_single_view_3d/individual_comparison_display.py,analysis/explorations/representation/exploration_response_profiles_individual_snr_20261002/figures/previous_single_view_3d/individual_comparison_display.py,0c59b4f14c20e1b62d8fb13f797d082a0b62b791785b6ae1b0a2641387d7f751
reports/exploration_response_profiles_individual_snr_20261002/hmds/neural/hmds_refinement_used.py,analysis/explorations/representation/exploration_response_profiles_individual_snr_20261002/hmds/neural/hmds_refinement_used.py,b5252685d28809374008bdb73bface05d74eb6ab4b5cf45e7dbf8a476fa7bd0c
reports/exploration_response_profiles_individual_snr_20261002/hmds/neural/neural_hmds_used.py,analysis/explorations/representation/exploration_response_profiles_individual_snr_20261002/hmds/neural/neural_hmds_used.py,7adb2ceed293a8c4af6edc7a4020e46ff2383125fdee5967f80417aaa21c2026
reports/exploration_response_profiles_individual_snr_20261002/hmds3d/individual_hmds_3d_used.py,analysis/explorations/representation/exploration_response_profiles_individual_snr_20261002/hmds3d/individual_hmds_3d_used.py,a52dddbdbf59da9e2a095487cb6701ff8a329ec0996a8032804beed38280c6fb
reports/exploration_response_profiles_individual_snr_20261002/hmds3d/neural/hmds_refinement_used.py,analysis/explorations/representation/exploration_response_profiles_individual_snr_20261002/hmds3d/neural/hmds_refinement_used.py,b5252685d28809374008bdb73bface05d74eb6ab4b5cf45e7dbf8a476fa7bd0c
reports/exploration_response_profiles_individual_snr_20261002/hmds3d/neural/neural_hmds_used.py,analysis/explorations/representation/exploration_response_profiles_individual_snr_20261002/hmds3d/neural/neural_hmds_used.py,7adb2ceed293a8c4af6edc7a4020e46ff2383125fdee5967f80417aaa21c2026
reports/exploration_response_profiles_individual_snr_20261002/hmds_full106/2d/neural/hmds_refinement_used.py,analysis/explorations/representation/exploration_response_profiles_individual_snr_20261002/hmds_full106/2d/neural/hmds_refinement_used.py,b5252685d28809374008bdb73bface05d74eb6ab4b5cf45e7dbf8a476fa7bd0c
reports/exploration_response_profiles_individual_snr_20261002/hmds_full106/2d/neural/neural_hmds_used.py,analysis/explorations/representation/exploration_response_profiles_individual_snr_20261002/hmds_full106/2d/neural/neural_hmds_used.py,7adb2ceed293a8c4af6edc7a4020e46ff2383125fdee5967f80417aaa21c2026
reports/exploration_response_profiles_individual_snr_20261002/hmds_full106/3d/neural/hmds_refinement_used.py,analysis/explorations/representation/exploration_response_profiles_individual_snr_20261002/hmds_full106/3d/neural/hmds_refinement_used.py,b5252685d28809374008bdb73bface05d74eb6ab4b5cf45e7dbf8a476fa7bd0c
reports/exploration_response_profiles_individual_snr_20261002/hmds_full106/3d/neural/neural_hmds_used.py,analysis/explorations/representation/exploration_response_profiles_individual_snr_20261002/hmds_full106/3d/neural/neural_hmds_used.py,7adb2ceed293a8c4af6edc7a4020e46ff2383125fdee5967f80417aaa21c2026
reports/exploration_response_profiles_individual_snr_20261002/hmds_full106/individual_hmds_full_used.py,analysis/explorations/representation/exploration_response_profiles_individual_snr_20261002/hmds_full106/individual_hmds_full_used.py,2531bb533659fa5c5c4dac6663eb2e35f8552fea2430abf0bcfed70192b98c07
reports/response_structure_20260930/README.md,analysis/explorations/representation/response_structure_20260930/README.md,b7b674db152260dadd4874c7371049a408f771e79782934b30bbd465590d1101
reports/response_structure_display_20260930/B_caption.md,analysis/explorations/representation/response_structure_display_20260930/B_caption.md,2564fe4ca20c56478ba8a405bd396a268e8d435243798f5abce72d0f78bf3a67
reports/response_structure_display_20260930/README.md,analysis/explorations/representation/response_structure_display_20260930/README.md,790dabccf78b39ac42f5fc85f18bcc9f0fc6d7ed33aba51b6b104b6df92a5fa7
reports/response_structure_display_sketch_20260930/draw_schematic.py,analysis/explorations/representation/response_structure_display_sketch_20260930/draw_schematic.py,9e616ca4d5c9ca4f08ac13a74dc2a81bc351ec65cb4ebf53e2713335b5144976
reports/response_structure_poster_20261001/MODEL_EXPLANATION.md,analysis/explorations/representation/response_structure_poster_20261001/MODEL_EXPLANATION.md,fc82f23a2592b53b6d944d7b1f673b8ca517203cc0b0de12335d80da58566fcb
reports/chemical_neighborhood_focus_20260930/README.md,analysis/explorations/chemical_neural/chemical_neighborhood_focus_20260930/README.md,bf618ddbfa2a5b018d5a5265dfaab5dae6953010a25dd46b877aab679fc50e37
reports/chemical_neighborhood_focus_20260930/REPORT.md,analysis/explorations/chemical_neural/chemical_neighborhood_focus_20260930/REPORT.md,8fa75bf2018719439465d3b13c2da75aa65c8f9778d00927380dfc6f6499e286
reports/chemical_neighborhood_focus_20260930/RESEARCH_LOG.md,analysis/explorations/chemical_neural/chemical_neighborhood_focus_20260930/RESEARCH_LOG.md,d5ed7948e7894a038927d87c3dd6c356743cbc6318c951f5a6c4d719962558ec
reports/chemical_neighborhood_focus_20260930/REVIEW.md,analysis/explorations/chemical_neural/chemical_neighborhood_focus_20260930/REVIEW.md,192274ba6642fd09bc6085a46a462051f4437fb9c195d69e02cfdda5c8c38dc7
reports/chemical_neighborhood_focus_20260930/code/01_plot_complement.py,analysis/explorations/chemical_neural/chemical_neighborhood_focus_20260930/code/01_plot_complement.py,fef32c931fc527a18e73343194882ec20f66de5ae0c6a8e7563e16745aefea14
reports/chemical_neighborhood_focus_20260930/code/02_verify.py,analysis/explorations/chemical_neural/chemical_neighborhood_focus_20260930/code/02_verify.py,4d54a6a68eed377915050a06be38cffc47e8dd8bb158a173d4928bb523c0f948
reports/chemical_neighborhood_focus_20260930/code/chemical_neighbor_audit.py,analysis/explorations/chemical_neural/chemical_neighborhood_focus_20260930/code/chemical_neighbor_audit.py,b07fcea6dc75157ddcb6310b8bff90d6c15cb9c1c7345c7d6b6b24b5796c4e3f
reports/chemical_neighborhood_focus_20260930/code/response_evidence_audit.py,analysis/explorations/chemical_neural/chemical_neighborhood_focus_20260930/code/response_evidence_audit.py,800ae477f09f72b152b5d627cc4f58b2c3d63be7086eb78608948c5a0b585e83
reports/chemical_neighborhood_focus_20260930/logs/chemical_neighbor_audit.md,analysis/explorations/chemical_neural/chemical_neighborhood_focus_20260930/logs/chemical_neighbor_audit.md,35f4db2b898d51758834e3f448c08753c501912ba46c3e453f25d7379336ad4a
reports/chemical_neighborhood_focus_20260930/logs/response_evidence_audit.md,analysis/explorations/chemical_neural/chemical_neighborhood_focus_20260930/logs/response_evidence_audit.md,0f4fb780ad14f063137db2484c809f1d19da818ac6a1027949bf1839de85333b
reports/exploration_neural_compound_relations_20261002/README.md,analysis/explorations/chemical_neural/exploration_neural_compound_relations_20261002/README.md,19f23b723ded385bcdf20d359262ed227d9e58fc5b0d2634a59e094359c44462
reports/exploration_neural_compound_relations_20261002/code/check_secondary.py,analysis/explorations/chemical_neural/exploration_neural_compound_relations_20261002/code/check_secondary.py,31dac7c7a7bf75630efc2a920d6f17c80a3825b8204d6085c519ec4259b563e6
reports/exploration_neural_compound_relations_20261002/code/explore_relations.py,analysis/explorations/chemical_neural/exploration_neural_compound_relations_20261002/code/explore_relations.py,c7fafb4696c9bc6d4ba07ce29d1f7b4dd6ec9196c43003dae26ca3860c6e38d7
reports/exploration_neural_compound_relations_20261002/code/plot_relation_candidates.py,analysis/explorations/chemical_neural/exploration_neural_compound_relations_20261002/code/plot_relation_candidates.py,b9717ffd57334cb2ae882e384b2d0dae94b99eef3d70f51e584473bc77eef040
reports/exploration_pair_quadrants_20261002/README.md,analysis/explorations/chemical_neural/exploration_pair_quadrants_20261002/README.md,27dcbafca7a115fd38aa6a139a912b78a6bb8cf66ed4be2b5b25ec7f35f4b40e
reports/exploration_pair_quadrants_20261002/REPORT.md,analysis/explorations/chemical_neural/exploration_pair_quadrants_20261002/REPORT.md,11c658dbfa51dc701ba3fc958c0d6b9761b44f1b91e068a15faef1b43c988fe3
reports/exploration_pair_quadrants_20261002/code/build_pair_pdf.py,analysis/explorations/chemical_neural/exploration_pair_quadrants_20261002/code/build_pair_pdf.py,dc7cd15109c31aacc6118154be53d8c60b73421d1f4d83a02d86a2e49f5fc107
reports/exploration_pair_quadrants_20261002/code/explore_quadrants.py,analysis/explorations/chemical_neural/exploration_pair_quadrants_20261002/code/explore_quadrants.py,7d98e2c287652c13aa83faab68ceab8dc5e237882f5359d0dc66c796ced9391f
reports/exploration_pair_quadrants_20261002/code/pair_pdf_pages.py,analysis/explorations/chemical_neural/exploration_pair_quadrants_20261002/code/pair_pdf_pages.py,b06c11e252e0a18e755288fcf7da9ba48c33c65b97b2b2084dcde06da04d7675
reports/exploration_pair_quadrants_20261002/code/plot_context.py,analysis/explorations/chemical_neural/exploration_pair_quadrants_20261002/code/plot_context.py,bc689beefe5be00e3dd99f03c080c07cdf8dbb8d71df8280d012dfb2cdf3c584
reports/exploration_pair_quadrants_20261002/code/plot_quadrants.py,analysis/explorations/chemical_neural/exploration_pair_quadrants_20261002/code/plot_quadrants.py,949057fdce7ac1c47f1f9bda8ad46b31bb51b4b7ee9f4eb0ca45417f0aab7955
reports/exploration_matched_pair_context_20261003/README.md,analysis/explorations/chemical_neural/exploration_matched_pair_context_20261003/README.md,0a163537712877f08708ee02e8137092846acf60ec6292c7d4164be2045a4a9f
reports/exploration_matched_pair_context_20261003/code/explore_matched_context.py,analysis/explorations/chemical_neural/exploration_matched_pair_context_20261003/code/explore_matched_context.py,48f40170505961a78a4288fa5013ec6ed9173066339c44f15175ed3fdba46774
reports/exploration_matched_pair_context_20261003/code/plot_matched_context.py,analysis/explorations/chemical_neural/exploration_matched_pair_context_20261003/code/plot_matched_context.py,69b4769273e7d66817b3776350f4a4067af014273ed36f9a9f51374554550fb8
reports/exploration_chemical_pattern_recurrence_20261003/README.md,analysis/explorations/chemical_neural/exploration_chemical_pattern_recurrence_20261003/README.md,62fa4a41ffbfc30282a9b8465ccc96f2d0c5b96a47432b68f1ed8a10916d7d8a
reports/exploration_chemical_pattern_recurrence_20261003/code/chemical_recurrence.py,analysis/explorations/chemical_neural/exploration_chemical_pattern_recurrence_20261003/code/chemical_recurrence.py,bc681a189ac7df1343ab6efba4d605067f74dee70863ccfd42c5cf60d5167fbe
reports/exploration_chemical_pattern_recurrence_20261003/code/notebook_cells.py,analysis/explorations/chemical_neural/exploration_chemical_pattern_recurrence_20261003/code/notebook_cells.py,6cf284c1bfc4b6edcba346824e6967b922bd29c88f72d65f6e53d367377eded8
reports/exploration_chemical_pattern_recurrence_20261003/code/plot_recurrence.py,analysis/explorations/chemical_neural/exploration_chemical_pattern_recurrence_20261003/code/plot_recurrence.py,dc2a2de25766687481d2ae3d44764441317b090ef1dbd78b280d59c6949d3c98
reports/exploration_chemical_pattern_direct_report_20261003/README.md,analysis/explorations/chemical_neural/exploration_chemical_pattern_direct_report_20261003/README.md,c3de0880cfd136b7c08e352f0d9e415bc3b65304b47c089a98c7e33976c4c1aa
reports/exploration_chemical_pattern_direct_report_20261003/code/compare_nonlinear_neural_inputs.py,analysis/explorations/chemical_neural/exploration_chemical_pattern_direct_report_20261003/code/compare_nonlinear_neural_inputs.py,88b2c55646d6e1bd69d4e066e3ab6d3b1b5ca85b4200001d5e77b2af5d0a08ad
reports/exploration_chemical_pattern_direct_report_20261003/code/compare_reduced_neural_inputs.py,analysis/explorations/chemical_neural/exploration_chemical_pattern_direct_report_20261003/code/compare_reduced_neural_inputs.py,32f86ba3f82e4eeb004e6f451bd059f0257c5722bc2c36ca23b6102a1c102711
reports/exploration_chemical_pattern_direct_report_20261003/code/decode_chemical_pattern.py,analysis/explorations/chemical_neural/exploration_chemical_pattern_direct_report_20261003/code/decode_chemical_pattern.py,9e95f8878a03cb5d3d8bbd289dfa1f402019aa33068c931780347259be8b3cc5
reports/exploration_chemical_pattern_direct_report_20261003/code/direct_report_recurrence.py,analysis/explorations/chemical_neural/exploration_chemical_pattern_direct_report_20261003/code/direct_report_recurrence.py,bda3fb41d26e2b145ce34d8de2521fb95f3bf30bb9fbb6d435d8ccb58da91ddb
reports/exploration_chemical_pattern_direct_report_20261003/code/notebook_cells.py,analysis/explorations/chemical_neural/exploration_chemical_pattern_direct_report_20261003/code/notebook_cells.py,b51e036a00467e6ec9ac9cd82b03ec8bcbcf8eac27e71e89cbefbd37b9f18be2
reports/exploration_chemical_pattern_direct_report_20261003/code/plot_direct_report.py,analysis/explorations/chemical_neural/exploration_chemical_pattern_direct_report_20261003/code/plot_direct_report.py,774627409e5a829095d88cfd1dd25aead043ddc1a2f3f69d2122cffa8c682a49
reports/exploration_chemical_pattern_direct_report_20261003/code/plot_grouped_story.py,analysis/explorations/chemical_neural/exploration_chemical_pattern_direct_report_20261003/code/plot_grouped_story.py,e9ef42ef316594f9f5efd6f9049b03f99f67bfd00aa5ab2c0c0ecdb6798f2287
reports/exploration_chemical_pattern_direct_report_20261003/code/plot_holdout_explainer.py,analysis/explorations/chemical_neural/exploration_chemical_pattern_direct_report_20261003/code/plot_holdout_explainer.py,88fe70481b3dda20d23172a69e84b4355b6dda091de6e072158ed1714a74630f
reports/exploration_chemical_pattern_direct_report_20261003/code/plot_neural_pattern_summary.py,analysis/explorations/chemical_neural/exploration_chemical_pattern_direct_report_20261003/code/plot_neural_pattern_summary.py,82bc4243f3a71d1268069167f19e96de0750946a75e44eaeec520076894b2e55
reports/exploration_chemical_pattern_direct_report_20261003/code/plot_nonlinear_input_comparison.py,analysis/explorations/chemical_neural/exploration_chemical_pattern_direct_report_20261003/code/plot_nonlinear_input_comparison.py,b291d62adab3e680289f24e3ff63a0be1abbe19f2bff09ae6a35ce9cea337a30
reports/exploration_chemical_pattern_direct_report_20261003/code/plot_reduced_input_comparison.py,analysis/explorations/chemical_neural/exploration_chemical_pattern_direct_report_20261003/code/plot_reduced_input_comparison.py,8ff0febcf05c427d272a6c7de2f251557b27fd5cd33bdd859e8509a50fc9fd35
reports/exploration_chemical_pattern_direct_report_20261003/code/plot_simple_story.py,analysis/explorations/chemical_neural/exploration_chemical_pattern_direct_report_20261003/code/plot_simple_story.py,0cbd5449aad2b2bb7275498b31c0433fbf221195f90caf0004fba013bdf302e4
reports/exploration_genus_patterns_independent_20261003/README.md,analysis/explorations/genus/exploration_genus_patterns_independent_20261003/README.md,49383ead87bedd8e1930f25fc1cfd85b1a094d545bab5a3eed166117121d6ee1
reports/exploration_genus_patterns_independent_20261003/chemical/README.md,analysis/explorations/genus/exploration_genus_patterns_independent_20261003/chemical/README.md,c58d91a81393bc1229b6caaca68afc9bf6c3cc4a261bb1ffebcfe050106096e5
reports/exploration_genus_patterns_independent_20261003/chemical/code/analyze_chemical_patterns.py,analysis/explorations/genus/exploration_genus_patterns_independent_20261003/chemical/code/analyze_chemical_patterns.py,33bd551327c92b5d521fde535c395f4ab57ab88fa1400f5dc2e6920e6aa904a1
reports/exploration_genus_patterns_independent_20261003/chemical/code/verify_chemical_patterns.py,analysis/explorations/genus/exploration_genus_patterns_independent_20261003/chemical/code/verify_chemical_patterns.py,0f277ac297f912cec5be4ab89e7caffa90fa1e59cadace6c9032bbb5e31b52f2
reports/exploration_genus_patterns_independent_20261003/chemical/code/write_chemical_summary.py,analysis/explorations/genus/exploration_genus_patterns_independent_20261003/chemical/code/write_chemical_summary.py,bbed46672f4fcba636c12302571daded07491e5ee9c50e5a71c592d0a84aa7c2
reports/exploration_genus_patterns_independent_20261003/chemical/protocol.md,analysis/explorations/genus/exploration_genus_patterns_independent_20261003/chemical/protocol.md,da2ac122f19fd9dab6af9882bf8f5dc8054ee02a90772da8be8a9fea5d856e46
reports/exploration_genus_patterns_independent_20261003/code/notebook_cells.py,analysis/explorations/genus/exploration_genus_patterns_independent_20261003/code/notebook_cells.py,178eea2de95e9002029b34c033b2565978030ea0f41538d6b4e05bdec5983e28
reports/exploration_genus_patterns_independent_20261003/code/verify_integration.py,analysis/explorations/genus/exploration_genus_patterns_independent_20261003/code/verify_integration.py,a7904bc1ad7bfb6cc0e71ff5b3dc6e184bb0adbaab3d6f93e632fc0b65715296
reports/exploration_genus_patterns_independent_20261003/neural/PROTOCOL.md,analysis/explorations/genus/exploration_genus_patterns_independent_20261003/neural/PROTOCOL.md,c0735c892c863774a4e1141ef52735e6c4b75dae802f1f80e565e21846bfa606
reports/exploration_genus_patterns_independent_20261003/neural/README.md,analysis/explorations/genus/exploration_genus_patterns_independent_20261003/neural/README.md,501456a40ffb99e8edf19eed727e7d21696aa4448a53213e8694f0ae239d6d5b
reports/exploration_genus_patterns_independent_20261003/neural/code/analyze_neural.py,analysis/explorations/genus/exploration_genus_patterns_independent_20261003/neural/code/analyze_neural.py,fb4a69cfa586232eb8b0882ad7488a20db1d4ae246ccb3b1eb810039551274ad
reports/exploration_genus_patterns_independent_20261003/neural/code/verify_neural.py,analysis/explorations/genus/exploration_genus_patterns_independent_20261003/neural/code/verify_neural.py,759ae909275b28cc6268eeb506c1b9d6b5465f7ab6c81f79cb23e700aa4ec61d
reports/exploration_genus_patterns_independent_20261003/neural/figures/CAPTIONS.md,analysis/explorations/genus/exploration_genus_patterns_independent_20261003/neural/figures/CAPTIONS.md,4d3b9178fdfb76e01bcfacf77492abc25f42fec2862b0577040dca916f959cc8
reports/exploration_genus_patterns_independent_20261003/neural/verification/visual_review.md,analysis/explorations/genus/exploration_genus_patterns_independent_20261003/neural/verification/visual_review.md,a96aa85ded39577c7a9b8070f7ff46b5b9bd3e2a5d6ea443408673ea2f3a9cac
reports/exploration_genus_within_between_20261003/README.md,analysis/explorations/genus/exploration_genus_within_between_20261003/README.md,9dee42d46e57a6d810a6fd460c8c3667ccf0519ec9595ff99245f3afddf2def2
reports/exploration_genus_within_between_20261003/audit/initial_lower_median/revision_note.txt,analysis/explorations/genus/exploration_genus_within_between_20261003/audit/initial_lower_median/revision_note.txt,d8cf022d0e7a099b97bb80f8d511eb8eb5c43d0269dbaf38a1ce3270737ebbe5
reports/exploration_genus_within_between_20261003/code/compare_genus_distances.py,analysis/explorations/genus/exploration_genus_within_between_20261003/code/compare_genus_distances.py,907f62f89c9a0400550b8cf482422ec0ea19ce01bbdba92cdd469276912a9ad9
reports/exploration_genus_within_between_20261003/code/notebook_cells.py,analysis/explorations/genus/exploration_genus_within_between_20261003/code/notebook_cells.py,b90166c68e5fdd9428e00f95f39ece3bcc7f3afc5be10e4f7d2cccf54398635d
reports/exploration_genus_within_between_20261003/code/plot_genus_comparison.py,analysis/explorations/genus/exploration_genus_within_between_20261003/code/plot_genus_comparison.py,7cf4e13268a1a176ae0824a6d98f7554a2b5a3a457379bb3a16b6e7d9956170b
reports/exploration_genus_within_between_20261003/code/verify_genus_distances.py,analysis/explorations/genus/exploration_genus_within_between_20261003/code/verify_genus_distances.py,aba53b15f7af83b5fdaed06a0c4447b579425f9f583150606f85de893b900a3d
reports/exploration_bacteroides_local_model_20261003/PROTOCOL.md,analysis/explorations/local_states/exploration_bacteroides_local_model_20261003/PROTOCOL.md,4add12ff7eaa887773c38d918c5619325d7447413f9bc54d31b1c0c133daf0d8
reports/exploration_bacteroides_local_model_20261003/README.md,analysis/explorations/local_states/exploration_bacteroides_local_model_20261003/README.md,b0b65755d7b46182b5a81dd3e2e6252db084e5d574f1f8b25aa364bd538e9174
reports/exploration_bacteroides_local_model_20261003/chemical/README.md,analysis/explorations/local_states/exploration_bacteroides_local_model_20261003/chemical/README.md,686aa6e82a0273dbbfc9431bce83ee58f372ca0e99b40d384fd7b064639c3c45
reports/exploration_bacteroides_local_model_20261003/chemical/code/local_chemical_axes.py,analysis/explorations/local_states/exploration_bacteroides_local_model_20261003/chemical/code/local_chemical_axes.py,a77b10f6325d7561afc16f743e68a6afe7999c761c1a979f6f9d26c4b392c4e6
reports/exploration_bacteroides_local_model_20261003/chemical/code/run_local_chemical_analysis.py,analysis/explorations/local_states/exploration_bacteroides_local_model_20261003/chemical/code/run_local_chemical_analysis.py,a3b7094a2d4234eb3753b286bb2143f45faa4045fb9bf4e29a70aa929f43c6b1
reports/exploration_bacteroides_local_model_20261003/chemical/code/verify_local_chemical_axes.py,analysis/explorations/local_states/exploration_bacteroides_local_model_20261003/chemical/code/verify_local_chemical_axes.py,6d43d9c724098556468ce23c4541d3d50f82557542bfa154849410ea0d00c7d4
reports/exploration_bacteroides_local_model_20261003/chemical/code/write_local_chemical_summary.py,analysis/explorations/local_states/exploration_bacteroides_local_model_20261003/chemical/code/write_local_chemical_summary.py,8dd722f0d3e5d19bc743c7cfb94493f0ee5e9120dff4cb12133bca774fdc1f33
reports/exploration_bacteroides_local_model_20261003/chemical/protocol.md,analysis/explorations/local_states/exploration_bacteroides_local_model_20261003/chemical/protocol.md,ceca8504f249906a50ed4e646cb37608d265daa597e98921c7243ede23d61bab
reports/exploration_bacteroides_local_model_20261003/code/local_model.py,analysis/explorations/local_states/exploration_bacteroides_local_model_20261003/code/local_model.py,d29ae280abdbdb7f82e4989d4fdbfaf463b30da59b553d225af769d21e4a2ccb
reports/exploration_bacteroides_local_model_20261003/code/notebook_cells.py,analysis/explorations/local_states/exploration_bacteroides_local_model_20261003/code/notebook_cells.py,5042b6566ced52cfaf308772871e028bc86b0de9b5d571fe554dfae86b58da69
reports/exploration_bacteroides_local_model_20261003/code/plot_local_model.py,analysis/explorations/local_states/exploration_bacteroides_local_model_20261003/code/plot_local_model.py,4130bb5366b0a3d5582716341c8c3069769ca503d02750273dbf8dd504d16113
reports/exploration_bacteroides_local_model_20261003/figures/figure_notes.md,analysis/explorations/local_states/exploration_bacteroides_local_model_20261003/figures/figure_notes.md,79db3c94adf8fda9b3aa33844147a4269e03ab3e44247f1e4ec8d8ff39f04cf0
reports/exploration_bacteroides_local_model_20261003/neural/PROTOCOL.md,analysis/explorations/local_states/exploration_bacteroides_local_model_20261003/neural/PROTOCOL.md,69e395dba1bb9669fecd0e54a32f49dd8e22b781a23ad994e7b0680d44cf1fe7
reports/exploration_bacteroides_local_model_20261003/neural/README.md,analysis/explorations/local_states/exploration_bacteroides_local_model_20261003/neural/README.md,d650b662feea2e08a7ed656de062bf49b63973a9a731d40586e1672f629f7eec
reports/exploration_bacteroides_local_model_20261003/neural/audit/initial_pc1_only_code_labels/CAPTIONS.md,analysis/explorations/local_states/exploration_bacteroides_local_model_20261003/neural/audit/initial_pc1_only_code_labels/CAPTIONS.md,e9e03daf126239b8b55fc693356c14e35d54c63384a1725f8663467b0ef4a131
reports/exploration_bacteroides_local_model_20261003/neural/audit/initial_pc1_only_code_labels/visual_review.md,analysis/explorations/local_states/exploration_bacteroides_local_model_20261003/neural/audit/initial_pc1_only_code_labels/visual_review.md,4b29b9e8bbe8536657c84f60ad4c39bf66c48003c24de82037e45821187a3cb3
reports/exploration_bacteroides_local_model_20261003/neural/code/local_neural.py,analysis/explorations/local_states/exploration_bacteroides_local_model_20261003/neural/code/local_neural.py,785ce99621cd261a528a54291b558ddce325ad48da3fcf94e74796b4bf6e34bf
reports/exploration_bacteroides_local_model_20261003/neural/code/verify_local_neural.py,analysis/explorations/local_states/exploration_bacteroides_local_model_20261003/neural/code/verify_local_neural.py,a3c6fccde10bade725b95854298da06398aaaad72724f64bb76f0653da0b3808
reports/exploration_bacteroides_local_model_20261003/neural/figures/CAPTIONS.md,analysis/explorations/local_states/exploration_bacteroides_local_model_20261003/neural/figures/CAPTIONS.md,c045c8e987277474b4e1538ab747a54f59d64854405f1af7c461d505bb2a8e2a
reports/exploration_bacteroides_local_model_20261003/neural/verification/visual_review.md,analysis/explorations/local_states/exploration_bacteroides_local_model_20261003/neural/verification/visual_review.md,a892b0ac53fb1a22744cd354de5b8864393e086d43350b84a095353ba011356a
reports/exploration_bacteroides_adf_ash_chemical_20261003/PROTOCOL.md,analysis/explorations/local_states/exploration_bacteroides_adf_ash_chemical_20261003/PROTOCOL.md,599ec92893b0f859eac44088c291bb9a96c2748e6a113121155c0848c68c4dc8
reports/exploration_bacteroides_adf_ash_chemical_20261003/README.md,analysis/explorations/local_states/exploration_bacteroides_adf_ash_chemical_20261003/README.md,b51cb5e103fc174088c44ab972cbc2ed4d65b1ff74d3182da84d70fb7bd728e4
reports/exploration_bacteroides_adf_ash_chemical_20261003/REVIEW_NOTES.md,analysis/explorations/local_states/exploration_bacteroides_adf_ash_chemical_20261003/REVIEW_NOTES.md,d449e2b3719086ab81a5bbddf62ed48e45513192c29c2b7fe01f6188846e488d
reports/exploration_bacteroides_adf_ash_chemical_20261003/code/notebook_cells.py,analysis/explorations/local_states/exploration_bacteroides_adf_ash_chemical_20261003/code/notebook_cells.py,6bc1d4461fb66c60a7c914d660bdc692c40a5b460a5cf3008c0875667e7a85d0
reports/exploration_bacteroides_adf_ash_chemical_20261003/diagnostics/PROTOCOL.md,analysis/explorations/local_states/exploration_bacteroides_adf_ash_chemical_20261003/diagnostics/PROTOCOL.md,abab69e9012200f23c1cca8c3784bbdd724725bc761a4247f17111df95f3122b
reports/exploration_bacteroides_adf_ash_chemical_20261003/diagnostics/README.md,analysis/explorations/local_states/exploration_bacteroides_adf_ash_chemical_20261003/diagnostics/README.md,2b737ae1d3c1475022e1e7e8a6b141a4554773a027658b7ba01db425da367287
reports/exploration_bacteroides_adf_ash_chemical_20261003/diagnostics/code/fixed_axis_diagnostics.py,analysis/explorations/local_states/exploration_bacteroides_adf_ash_chemical_20261003/diagnostics/code/fixed_axis_diagnostics.py,9416ea700fedfd9a8d0ff00b3da233d382174da72b51e6e9ef748f7d709826bc
reports/exploration_bacteroides_adf_ash_chemical_20261003/diagnostics/code/plot_fixed_axis.py,analysis/explorations/local_states/exploration_bacteroides_adf_ash_chemical_20261003/diagnostics/code/plot_fixed_axis.py,8625fd9c9e1c8de8ab69653e6e0777bec71c83d134ce47c40694b12f2360ecba
reports/exploration_bacteroides_adf_ash_chemical_20261003/diagnostics/code/verify_diagnostics.py,analysis/explorations/local_states/exploration_bacteroides_adf_ash_chemical_20261003/diagnostics/code/verify_diagnostics.py,2580fd9d06bbdf0e735569c1238bfb27cdea92544e5d8685e4709a7153bc31bf
reports/exploration_bacteroides_adf_ash_chemical_20261003/diagnostics/figures/CAPTIONS.md,analysis/explorations/local_states/exploration_bacteroides_adf_ash_chemical_20261003/diagnostics/figures/CAPTIONS.md,3a593c347f2442cb3cba28107d44ef2af99d624daaabff553b954abe3c1e0f5c
reports/exploration_bacteroides_adf_ash_chemical_20261003/diagnostics/verification/visual_review.md,analysis/explorations/local_states/exploration_bacteroides_adf_ash_chemical_20261003/diagnostics/verification/visual_review.md,9fd214dbf031df0ad822dba925a990448378b7804e57401297e376c3831f32be
reports/exploration_bacteroides_adf_ash_chemical_20261003/model/README.md,analysis/explorations/local_states/exploration_bacteroides_adf_ash_chemical_20261003/model/README.md,e18eca4443c88ca8050bb83296a405e4a0f639b1754f931d66f31b055ce4fdc6
reports/exploration_bacteroides_adf_ash_chemical_20261003/model/code/fit_fixed_contrast.py,analysis/explorations/local_states/exploration_bacteroides_adf_ash_chemical_20261003/model/code/fit_fixed_contrast.py,d11989967d46f14dfc6e071cfb9f7905e2b3f9737efec4cf47b6f34de49dd885
reports/exploration_bacteroides_adf_ash_chemical_20261003/model/code/verify_saved_model.py,analysis/explorations/local_states/exploration_bacteroides_adf_ash_chemical_20261003/model/code/verify_saved_model.py,87915fa8cc74cd276579a60462bdcb75b19dfba1f561a76b0c896b3811b95617
reports/exploration_bacteroides_adf_ash_chemical_20261003/model/protocol_snapshot.md,analysis/explorations/local_states/exploration_bacteroides_adf_ash_chemical_20261003/model/protocol_snapshot.md,599ec92893b0f859eac44088c291bb9a96c2748e6a113121155c0848c68c4dc8
reports/exploration_bacteroides_adf_ash_chemical_20261003/verification/independent_diagnostics_check.py,analysis/explorations/local_states/exploration_bacteroides_adf_ash_chemical_20261003/verification/independent_diagnostics_check.py,0860e6f76b02a3cde20740e0dd718502215721d5884ca5f95fa82c97fb1419cb
reports/exploration_bacteroides_adf_ash_chemical_20261003/verification/independent_model_check.py,analysis/explorations/local_states/exploration_bacteroides_adf_ash_chemical_20261003/verification/independent_model_check.py,48539e0ec68dd1e5f0f91f0a40ec3e460147f852eba511dc7962f0ba042f7321
reports/exploration_bacteroides_adf_ash_chemical_20261003/verification/independent_visual_and_method_review.md,analysis/explorations/local_states/exploration_bacteroides_adf_ash_chemical_20261003/verification/independent_visual_and_method_review.md,5328f806e0e072c64937cc1db03f4cdaed5e98792f774562675371d476146dcd
reports/exploration_bacteroides_neural_reliability_20261003/PROTOCOL.md,analysis/explorations/local_states/exploration_bacteroides_neural_reliability_20261003/PROTOCOL.md,3987bbad5bd4681fe65973e8022eb79ccf11d0ca1229497c5a3c9789095a3eec
reports/exploration_bacteroides_neural_reliability_20261003/README.md,analysis/explorations/local_states/exploration_bacteroides_neural_reliability_20261003/README.md,fe52239c12367a9f61cc2a6271448b6342cdf6ba9e25b857a6b9115ceec92a4c
reports/exploration_bacteroides_neural_reliability_20261003/code/notebook_cells.py,analysis/explorations/local_states/exploration_bacteroides_neural_reliability_20261003/code/notebook_cells.py,c6384b3928a4f96315ea982376afa032bb4fda66c05520bfb8695406547bb109
reports/exploration_bacteroides_neural_reliability_20261003/repeats/PROTOCOL.md,analysis/explorations/local_states/exploration_bacteroides_neural_reliability_20261003/repeats/PROTOCOL.md,26c08701d7cc903f5bc48d87ce4c316d50032fe596c24660cf0fa47711bd6f39
reports/exploration_bacteroides_neural_reliability_20261003/repeats/README.md,analysis/explorations/local_states/exploration_bacteroides_neural_reliability_20261003/repeats/README.md,a565862129454d19561163063d5fc50929f0b1224ac3ac8d351ac3c9a90263db
reports/exploration_bacteroides_neural_reliability_20261003/repeats/code/plot_repeats.py,analysis/explorations/local_states/exploration_bacteroides_neural_reliability_20261003/repeats/code/plot_repeats.py,7c380a2eefce7bf7596cbef5fa8a807d4c6d7e381613ba9a55d9c53e4a89b884
reports/exploration_bacteroides_neural_reliability_20261003/repeats/code/repeat_reliability.py,analysis/explorations/local_states/exploration_bacteroides_neural_reliability_20261003/repeats/code/repeat_reliability.py,38dcd736a78db4e3b8134aa9e93a8dbe14b4cb08981e2b24da7e8a073f589426
reports/exploration_bacteroides_neural_reliability_20261003/repeats/code/verify_repeats.py,analysis/explorations/local_states/exploration_bacteroides_neural_reliability_20261003/repeats/code/verify_repeats.py,6190d3780e8a4e7549ffa306295bd00439a828ae6fbf76d4cd8392a8b4951912
reports/exploration_bacteroides_neural_reliability_20261003/repeats/figures/CAPTIONS.md,analysis/explorations/local_states/exploration_bacteroides_neural_reliability_20261003/repeats/figures/CAPTIONS.md,aa854ae0b70d5d9df3c2d2b9df18a9bd5701fad4478ad283ed668eab071643f0
reports/exploration_bacteroides_neural_reliability_20261003/repeats/verification/visual_review.md,analysis/explorations/local_states/exploration_bacteroides_neural_reliability_20261003/repeats/verification/visual_review.md,dbb43eef8a3c10ae334f4b7715e69b4530a60157a7da3f4f968e41f55255195d
reports/exploration_bacteroides_neural_reliability_20261003/subspace/README.md,analysis/explorations/local_states/exploration_bacteroides_neural_reliability_20261003/subspace/README.md,cd49f8394cf4f91ffae1aacedea415b4e84b4f2398ff18989c0d03cc1ce603ba
reports/exploration_bacteroides_neural_reliability_20261003/subspace/code/neural_subspace.py,analysis/explorations/local_states/exploration_bacteroides_neural_reliability_20261003/subspace/code/neural_subspace.py,fde949d2c5ade28ccfb63b58901cbb24bd06361ed1dfcbb752c49ac1ad642546
reports/exploration_bacteroides_neural_reliability_20261003/subspace/code/plot_subspace.py,analysis/explorations/local_states/exploration_bacteroides_neural_reliability_20261003/subspace/code/plot_subspace.py,c108b87423198414da10fdfa8ddd4edf4f0b53a7fbcd518223f36017fefb986e
reports/exploration_bacteroides_neural_reliability_20261003/subspace/code/run_subspace_analysis.py,analysis/explorations/local_states/exploration_bacteroides_neural_reliability_20261003/subspace/code/run_subspace_analysis.py,8c60de93d3c9ba6351baf023e5030a7b92b06050d0b18236f158c33a5a2391fe
reports/exploration_bacteroides_neural_reliability_20261003/subspace/code/verify_subspace.py,analysis/explorations/local_states/exploration_bacteroides_neural_reliability_20261003/subspace/code/verify_subspace.py,613e10b7351dd5c2e2e23705120c235ee78799af6f1b15c33cd698731aa8c8e6
reports/exploration_bacteroides_neural_reliability_20261003/subspace/figures/figure_notes.md,analysis/explorations/local_states/exploration_bacteroides_neural_reliability_20261003/subspace/figures/figure_notes.md,98f5be570ce409094130e8fea5cfc9cc946c6d1c170f50f13cd3fd1f22a9e898
reports/exploration_bacteroides_neural_reliability_20261003/subspace/protocol.md,analysis/explorations/local_states/exploration_bacteroides_neural_reliability_20261003/subspace/protocol.md,e880f6f179b67ee622e9f464d2f62d8b8895da63de279fb3e069710083bf98c0
reports/exploration_bacteroides_neural_reliability_20261003/subspace/visual_review.md,analysis/explorations/local_states/exploration_bacteroides_neural_reliability_20261003/subspace/visual_review.md,df7c5a34a0e62bc40e04f8c126555bacd3bdbe5ca2baebbdcebcad0cbe1c5d1c
reports/poster_local_chemical_neural_20261003/PROTOCOL.md,analysis/explorations/local_states/poster_local_chemical_neural_20261003/PROTOCOL.md,af0274cf50ffea2180fd623d910d67a66be854cc35c65a4a9e413d13d5eb2ce2
reports/poster_local_chemical_neural_20261003/README.md,analysis/explorations/local_states/poster_local_chemical_neural_20261003/README.md,d641fef426b0caabf74ec796938c6e73a00d2e21e73b96a835f6e5f1281b29ae
reports/poster_local_chemical_neural_20261003/code/analyze_population.py,analysis/explorations/local_states/poster_local_chemical_neural_20261003/code/analyze_population.py,3c2c5f25f36fd14a52e44a6c48207c2d654471350de2720e651d18717670fa72
reports/poster_local_chemical_neural_20261003/code/notebook_cells.py,analysis/explorations/local_states/poster_local_chemical_neural_20261003/code/notebook_cells.py,b708ef2320f832324f14b62c2aee74d1fe0d01d56aa5edc3cb8fd832c9c215fe
reports/poster_local_chemical_neural_20261003/code/plot_poster.py,analysis/explorations/local_states/poster_local_chemical_neural_20261003/code/plot_poster.py,3516a20e1f3e206036f32cb3c0e12b7c2538c49b8191a85dad65eb4980909bf3
reports/poster_local_chemical_neural_20261003/code/prepare_display.py,analysis/explorations/local_states/poster_local_chemical_neural_20261003/code/prepare_display.py,193681d851dbd3581f5048d4238a2939321a3f3c47a87f290eed87e09c7e8836
reports/poster_local_chemical_neural_20261003/code/verify_display.py,analysis/explorations/local_states/poster_local_chemical_neural_20261003/code/verify_display.py,ca2d5817023944dcd9e9ad296f82ca9966601219648ad5dc4e9a779470b1ced4
reports/poster_local_chemical_neural_20261003/figures/CAPTIONS.md,analysis/explorations/local_states/poster_local_chemical_neural_20261003/figures/CAPTIONS.md,962b5eb0f075e0974a70177e54c4d38a88a67690654e354014ee1a3b5d1b17e4
reports/poster_neighborhoods_20260930/POSTER_TEXT.md,analysis/explorations/examples/poster_neighborhoods_20260930/POSTER_TEXT.md,e5bd58d4c4b2cd0af05c178bc86cb6ddc67a637828a433d69a45b5e1d7079cc0
reports/poster_neighborhoods_20260930/README.md,analysis/explorations/examples/poster_neighborhoods_20260930/README.md,91e8f1c7b617f6ee296a517e536618717e01002bbad471c5275de59ac0edde1e
reports/poster_neighborhoods_20260930/REPORT.md,analysis/explorations/examples/poster_neighborhoods_20260930/REPORT.md,f29774b228b1e1feec7bfadab492fad509bf6c080ff4ef02f47c0fface69dc35
reports/poster_neighborhoods_20260930/RESEARCH_LOG.md,analysis/explorations/examples/poster_neighborhoods_20260930/RESEARCH_LOG.md,6ac729cf8356c535b79904f153203e1c45b40cff093b30b287b7cd4f4e149509
reports/poster_neighborhoods_20260930/REVIEW.md,analysis/explorations/examples/poster_neighborhoods_20260930/REVIEW.md,fce2bee84138964de12d13525e8100fe625ab65926a4632bb6a20b2fb79433d6
reports/poster_neighborhoods_20260930/code/01_pair_signal.py,analysis/explorations/examples/poster_neighborhoods_20260930/code/01_pair_signal.py,9765e5718627c79a1d12b58350c4fcf107dffca1888beeb14e61d98d0c9dcf90
reports/poster_neighborhoods_20260930/code/02_pair_context.py,analysis/explorations/examples/poster_neighborhoods_20260930/code/02_pair_context.py,1c110e202e9e5b991bafa307e92975336053b82431f3bd6435f4ab9b7e88f712
reports/poster_neighborhoods_20260930/code/03_neuron_patterns.py,analysis/explorations/examples/poster_neighborhoods_20260930/code/03_neuron_patterns.py,b8125076198f63878cfa4db9008b5d91d4bdfb45d6a316dd17eabd4ab7e12651
reports/poster_neighborhoods_20260930/code/04_poster_figures.py,analysis/explorations/examples/poster_neighborhoods_20260930/code/04_poster_figures.py,1e6f616d02351d86f3c70c0de735e5fbbdef77add124c92fef69c0bf11e713ce
reports/poster_neighborhoods_20260930/code/05_verify.py,analysis/explorations/examples/poster_neighborhoods_20260930/code/05_verify.py,4b4b2fc416eae7494eb1ee1e7f0d972c81376fd3ff5a6ada1a8ed634e51ae3e6
reports/poster_neighborhoods_20260930/logs/independent_review.md,analysis/explorations/examples/poster_neighborhoods_20260930/logs/independent_review.md,022bca204b66ff37e2554108781a2ae6262f562f7ea2b3fd05ba1d4df4a04b95
reports/poster_neighborhoods_20260930/logs/neuron_patterns.md,analysis/explorations/examples/poster_neighborhoods_20260930/logs/neuron_patterns.md,c3b0b253736c0fc3269fbab901d8c152d11736139eba1072b19a6028f51a600e
reports/poster_neighborhoods_20260930/logs/pair_signal_findings.md,analysis/explorations/examples/poster_neighborhoods_20260930/logs/pair_signal_findings.md,b6e3695c296debe71437d97c0d5682e15f094f128fbc9b6aa5ec2ba26a017138
reports/poster_neighborhoods_20260930/logs/pair_signal_methods.md,analysis/explorations/examples/poster_neighborhoods_20260930/logs/pair_signal_methods.md,b8d1bd4d13435203b1ec20064d12120be2a74a4c886ac658a2b1c089314a0fdc
reports/poster_neighborhoods_20260930/logs/pattern_design.md,analysis/explorations/examples/poster_neighborhoods_20260930/logs/pattern_design.md,d3ca2547c73a1758ecd6e98c6b74d16005b59612268384a53ae27d405ea9b95e
reports/poster_neighborhood_amplitudes_20261001/README.md,analysis/explorations/examples/poster_neighborhood_amplitudes_20261001/README.md,07a055d5ce240a786e0420420cfe1f9dde0053b4a5a7ae6f8e309e56d2fc471c
reports/poster_neighborhood_amplitudes_20261001/REPORT.md,analysis/explorations/examples/poster_neighborhood_amplitudes_20261001/REPORT.md,fe0f8e30dac1d5722ef75d63322b88a7e7137ad8dbaa8e9370f929659f1b8860
reports/figure5_chemistry_first_20261001/check_a231_a232.py,analysis/explorations/examples/figure5_chemistry_first_20261001/check_a231_a232.py,e1de66e0a8eac889d25c9962ab81013e779c839d96be5df4676115d33c8e5f40
reports/figure5_chemistry_first_20261001/review_chemical_shortlist.py,analysis/explorations/examples/figure5_chemistry_first_20261001/review_chemical_shortlist.py,8a596ac7a4f3a35469a90a427f5146cc4a122615e43471d7dc7b6b5c58ca5125
reports/figure5_example_selection_20261001/check_candidates.py,analysis/explorations/examples/figure5_example_selection_20261001/check_candidates.py,6938ad25ef8b81dfcfc446d73d7b8d9e97b3c0ff599cde360a4d6910a79c5bd1
reports/sample_interpretation_20261001/README.md,analysis/explorations/examples/sample_interpretation_20261001/README.md,ee3dbf0b85f04cbb58b32d8c4aa7b51619c8d7548308a8485661081780380337
reports/sample_interpretation_20261001/code/chemical_context.py,analysis/explorations/examples/sample_interpretation_20261001/code/chemical_context.py,8097c2663f7ebb51ce402be0b5f10761e1f50669d9a357c61529fe171671ac35
reports/sample_interpretation_20261001/code/neural_analysis.py,analysis/explorations/examples/sample_interpretation_20261001/code/neural_analysis.py,fc294ea017700e643b8c6c6844f98938c8fd9d8182a47a4a45ee74d56f87533d
reports/sample_interpretation_20261001/code/poster_figures.py,analysis/explorations/examples/sample_interpretation_20261001/code/poster_figures.py,05eb0567887068ab31d681f7fb441f0062d84b382cb7310d0be4382a1651f33f
reports/sample_interpretation_20261001/code/verify.py,analysis/explorations/examples/sample_interpretation_20261001/code/verify.py,23e8966f3261dc1500742aa715b97b64ed28b1d288a636ea5dd58955b6e9e4ce
reports/sample_comparison_backup_A022_A023_20261001/sample_comparison_poster.py,analysis/explorations/examples/sample_comparison_backup_A022_A023_20261001/sample_comparison_poster.py,8cb5cdf02132a23dced5ec0abfb476dd3f8bd685691dbddc09af6a19f26aa8a5
reports/sample_comparison_backup_A040_A041_20261001/sample_comparison_poster.py,analysis/explorations/examples/sample_comparison_backup_A040_A041_20261001/sample_comparison_poster.py,25ecce73bd5a3d4c7bf14b16d1e1bd618ce58d1417e1a1896dafe5f62880ab29
